"No.","Pos. [°2θ]","Q [1/Å]","Icalc [cts]","Iback [cts]","ESD","D spacings","CT [s]","Intensity [Counts]"
"1","21.0400","1.4893",,,"32.6497","4.2190","3.5200","1066.0000"
"2","21.1200","1.4949",,,"32.6803","4.2032","3.5200","1068.0000"
"3","21.2000","1.5005",,,"33.2114","4.1875","3.5200","1103.0000"
"4","21.2800","1.5061",,,"33.0303","4.1720","3.5200","1091.0000"
"5","21.3600","1.5117",,,"32.9848","4.1565","3.5200","1088.0000"
"6","21.4400","1.5172",,,"32.2800","4.1412","3.5200","1042.0000"
"7","21.5200","1.5228",,,"31.8277","4.1260","3.5200","1013.0000"
"8","21.6000","1.5284",,,"32.5576","4.1109","3.5200","1060.0000"
"9","21.6800","1.5340",,,"31.9687","4.0959","3.5200","1022.0000"
"10","21.7600","1.5396",,,"31.9687","4.0810","3.5200","1022.0000"
"11","21.8400","1.5452",,,"32.1714","4.0662","3.5200","1035.0000"
"12","21.9200","1.5508",,,"33.0303","4.0516","3.5200","1091.0000"
"13","22.0000","1.5564",,,"31.9374","4.0370","3.5200","1020.0000"
"14","22.0800","1.5620",,,"32.1559","4.0226","3.5200","1034.0000"
"15","22.1600","1.5676",,,"31.7962","4.0082","3.5200","1011.0000"
"16","22.2400","1.5732",,,"31.6702","3.9940","3.5200","1003.0000"
"17","22.3200","1.5787",,,"31.8904","3.9799","3.5200","1017.0000"
"18","22.4000","1.5843",,,"31.3369","3.9658","3.5200","982.0000"
"19","22.4800","1.5899",,,"31.5753","3.9519","3.5200","997.0000"
"20","22.5600","1.5955",,,"32.8024","3.9381","3.5200","1076.0000"
"21","22.6400","1.6011",,,"32.2800","3.9243","3.5200","1042.0000"
"22","22.7200","1.6067",,,"32.8329","3.9107","3.5200","1078.0000"
"23","22.8000","1.6123",,,"31.3050","3.8971","3.5200","980.0000"
"24","22.8800","1.6178",,,"31.6860","3.8837","3.5200","1004.0000"
"25","22.9600","1.6234",,,"32.4345","3.8703","3.5200","1052.0000"
"26","23.0400","1.6290",,,"31.4960","3.8571","3.5200","992.0000"
"27","23.1200","1.6346",,,"32.0780","3.8439","3.5200","1029.0000"
"28","23.2000","1.6402",,,"31.4960","3.8308","3.5200","992.0000"
"29","23.2800","1.6457",,,"31.7490","3.8179","3.5200","1008.0000"
"30","23.3600","1.6513",,,"31.7175","3.8050","3.5200","1006.0000"
"31","23.4400","1.6569",,,"31.8748","3.7922","3.5200","1016.0000"
"32","23.5200","1.6625",,,"32.2335","3.7794","3.5200","1039.0000"
"33","23.6000","1.6680",,,"31.1288","3.7668","3.5200","969.0000"
"34","23.6800","1.6736",,,"31.9531","3.7543","3.5200","1021.0000"
"35","23.7600","1.6792",,,"31.3209","3.7418","3.5200","981.0000"
"36","23.8400","1.6848",,,"31.2890","3.7294","3.5200","979.0000"
"37","23.9200","1.6903",,,"31.2410","3.7171","3.5200","976.0000"
"38","24.0000","1.6959",,,"31.1609","3.7049","3.5200","971.0000"
"39","24.0800","1.7015",,,"32.4037","3.6928","3.5200","1050.0000"
"40","24.1600","1.7070",,,"31.8748","3.6808","3.5200","1016.0000"
"41","24.2400","1.7126",,,"32.1870","3.6688","3.5200","1036.0000"
"42","24.3200","1.7182",,,"32.5115","3.6569","3.5200","1057.0000"
"43","24.4000","1.7237",,,"32.6650","3.6451","3.5200","1067.0000"
"44","24.4800","1.7293",,,"33.8083","3.6334","3.5200","1143.0000"
"45","24.5600","1.7349",,,"34.2345","3.6217","3.5200","1172.0000"
"46","24.6400","1.7404",,,"39.4081","3.6101","3.5200","1553.0000"
"47","24.7200","1.7460",,,"37.9605","3.5986","3.5200","1441.0000"
"48","24.8000","1.7516",,,"40.6694","3.5872","3.5200","1654.0000"
"49","24.8800","1.7571",,,"42.1545","3.5758","3.5200","1777.0000"
"50","24.9600","1.7627",,,"42.9302","3.5646","3.5200","1843.0000"
"51","25.0400","1.7682",,,"44.2154","3.5534","3.5200","1955.0000"
"52","25.1200","1.7738",,,"44.8776","3.5422","3.5200","2014.0000"
"53","25.2000","1.7794",,,"44.3396","3.5312","3.5200","1966.0000"
"54","25.2800","1.7849",,,"45.9891","3.5202","3.5200","2115.0000"
"55","25.3600","1.7905",,,"46.3357","3.5092","3.5200","2147.0000"
"56","25.4400","1.7960",,,"46.7440","3.4984","3.5200","2185.0000"
"57","25.5200","1.8016",,,"46.7226","3.4876","3.5200","2183.0000"
"58","25.6000","1.8071",,,"46.2709","3.4769","3.5200","2141.0000"
"59","25.6800","1.8127",,,"46.0000","3.4662","3.5200","2116.0000"
"60","25.7600","1.8182",,,"46.4866","3.4557","3.5200","2161.0000"
"61","25.8400","1.8238",,,"46.5833","3.4451","3.5200","2170.0000"
"62","25.9200","1.8293",,,"47.4236","3.4347","3.5200","2249.0000"
"63","26.0000","1.8349",,,"47.4658","3.4243","3.5200","2253.0000"
"64","26.0800","1.8404",,,"47.9479","3.4140","3.5200","2299.0000"
"65","26.1600","1.8460",,,"47.6760","3.4037","3.5200","2273.0000"
"66","26.2400","1.8515",,,"49.1630","3.3935","3.5200","2417.0000"
"67","26.3200","1.8571",,,"47.7912","3.3834","3.5200","2284.0000"
"68","26.4000","1.8626",,,"48.4871","3.3733","3.5200","2351.0000"
"69","26.4800","1.8682",,,"49.0816","3.3633","3.5200","2409.0000"
"70","26.5600","1.8737",,,"48.4355","3.3534","3.5200","2346.0000"
"71","26.6400","1.8792",,,"48.6210","3.3435","3.5200","2364.0000"
"72","26.7200","1.8848",,,"50.2096","3.3336","3.5200","2521.0000"
"73","26.8000","1.8903",,,"50.6261","3.3239","3.5200","2563.0000"
"74","26.8800","1.8959",,,"50.5074","3.3142","3.5200","2551.0000"
"75","26.9600","1.9014",,,"51.2055","3.3045","3.5200","2622.0000"
"76","27.0400","1.9069",,,"50.6952","3.2949","3.5200","2570.0000"
"77","27.1200","1.9125",,,"49.4065","3.2854","3.5200","2441.0000"
"78","27.2000","1.9180",,,"49.1732","3.2759","3.5200","2418.0000"
"79","27.2800","1.9235",,,"48.6724","3.2665","3.5200","2369.0000"
"80","27.3600","1.9291",,,"47.1275","3.2571","3.5200","2221.0000"
"81","27.4400","1.9346",,,"46.7226","3.2478","3.5200","2183.0000"
"82","27.5200","1.9401",,,"46.1086","3.2385","3.5200","2126.0000"
"83","27.6000","1.9457",,,"45.9783","3.2293","3.5200","2114.0000"
"84","27.6800","1.9512",,,"46.0977","3.2202","3.5200","2125.0000"
"85","27.7600","1.9567",,,"45.1221","3.2111","3.5200","2036.0000"
"86","27.8400","1.9623",,,"44.6430","3.2020","3.5200","1993.0000"
"87","27.9200","1.9678",,,"46.0977","3.1930","3.5200","2125.0000"
"88","28.0000","1.9733",,,"45.8148","3.1841","3.5200","2099.0000"
"89","28.0800","1.9788",,,"44.8776","3.1752","3.5200","2014.0000"
"90","28.1600","1.9844",,,"44.6878","3.1664","3.5200","1997.0000"
"91","28.2400","1.9899",,,"44.5197","3.1576","3.5200","1982.0000"
"92","28.3200","1.9954",,,"45.1110","3.1488","3.5200","2035.0000"
"93","28.4000","2.0009",,,"44.5309","3.1401","3.5200","1983.0000"
"94","28.4800","2.0064",,,"44.3621","3.1315","3.5200","1968.0000"
"95","28.5600","2.0120",,,"44.1362","3.1229","3.5200","1948.0000"
"96","28.6400","2.0175",,,"44.0227","3.1144","3.5200","1938.0000"
"97","28.7200","2.0230",,,"44.1248","3.1059","3.5200","1947.0000"
"98","28.8000","2.0285",,,"44.2041","3.0974","3.5200","1954.0000"
"99","28.8800","2.0340",,,"44.4185","3.0890","3.5200","1973.0000"
"100","28.9600","2.0395",,,"43.8862","3.0807","3.5200","1926.0000"
"101","29.0400","2.0451",,,"43.9886","3.0724","3.5200","1935.0000"
"102","29.1200","2.0506",,,"44.3170","3.0641","3.5200","1964.0000"
"103","29.2000","2.0561",,,"43.8748","3.0559","3.5200","1925.0000"
"104","29.2800","2.0616",,,"44.0681","3.0477","3.5200","1942.0000"
"105","29.3600","2.0671",,,"44.0795","3.0396","3.5200","1943.0000"
"106","29.4400","2.0726",,,"43.9886","3.0315","3.5200","1935.0000"
"107","29.5200","2.0781",,,"43.9886","3.0235","3.5200","1935.0000"
"108","29.6000","2.0836",,,"43.0465","3.0155","3.5200","1853.0000"
"109","29.6800","2.0891",,,"44.2719","3.0076","3.5200","1960.0000"
"110","29.7600","2.0946",,,"44.4860","2.9997","3.5200","1979.0000"
"111","29.8400","2.1001",,,"43.8178","2.9918","3.5200","1920.0000"
"112","29.9200","2.1056",,,"43.0349","2.9840","3.5200","1852.0000"
"113","30.0000","2.1111",,,"43.1972","2.9762","3.5200","1866.0000"
"114","30.0800","2.1166",,,"44.2493","2.9685","3.5200","1958.0000"
"115","30.1600","2.1221",,,"43.1625","2.9608","3.5200","1863.0000"
"116","30.2400","2.1276",,,"43.3590","2.9531","3.5200","1880.0000"
"117","30.3200","2.1331",,,"43.7836","2.9455","3.5200","1917.0000"
"118","30.4000","2.1386",,,"44.1135","2.9380","3.5200","1946.0000"
"119","30.4800","2.1441",,,"44.4185","2.9304","3.5200","1973.0000"
"120","30.5600","2.1496",,,"43.4971","2.9229","3.5200","1892.0000"
"121","30.6400","2.1551",,,"43.1393","2.9155","3.5200","1861.0000"
"122","30.7200","2.1606",,,"43.8406","2.9081","3.5200","1922.0000"
"123","30.8000","2.1661",,,"43.1509","2.9007","3.5200","1862.0000"
"124","30.8800","2.1716",,,"42.4500","2.8934","3.5200","1802.0000"
"125","30.9600","2.1771",,,"43.8520","2.8861","3.5200","1923.0000"
"126","31.0400","2.1826",,,"43.6119","2.8788","3.5200","1902.0000"
"127","31.1200","2.1880",,,"44.2041","2.8716","3.5200","1954.0000"
"128","31.2000","2.1935",,,"43.6578","2.8644","3.5200","1906.0000"
"129","31.2800","2.1990",,,"43.8520","2.8573","3.5200","1923.0000"
"130","31.3600","2.2045",,,"43.8748","2.8502","3.5200","1925.0000"
"131","31.4400","2.2100",,,"44.1022","2.8431","3.5200","1945.0000"
"132","31.5200","2.2155",,,"43.3705","2.8361","3.5200","1881.0000"
"133","31.6000","2.2209",,,"44.6430","2.8291","3.5200","1993.0000"
"134","31.6800","2.2264",,,"44.6430","2.8221","3.5200","1993.0000"
"135","31.7600","2.2319",,,"44.7325","2.8152","3.5200","2001.0000"
"136","31.8400","2.2374",,,"43.0000","2.8083","3.5200","1849.0000"
"137","31.9200","2.2428",,,"43.4511","2.8014","3.5200","1888.0000"
"138","32.0000","2.2483",,,"44.5870","2.7946","3.5200","1988.0000"
"139","32.0800","2.2538",,,"43.1972","2.7878","3.5200","1866.0000"
"140","32.1600","2.2593",,,"43.1277","2.7811","3.5200","1860.0000"
"141","32.2400","2.2647",,,"44.2380","2.7744","3.5200","1957.0000"
"142","32.3200","2.2702",,,"42.8135","2.7677","3.5200","1833.0000"
"143","32.4000","2.2757",,,"42.9535","2.7610","3.5200","1845.0000"
"144","32.4800","2.2811",,,"44.1135","2.7544","3.5200","1946.0000"
"145","32.5600","2.2866",,,"43.4741","2.7478","3.5200","1890.0000"
"146","32.6400","2.2921",,,"43.7607","2.7413","3.5200","1915.0000"
"147","32.7200","2.2975",,,"43.7950","2.7347","3.5200","1918.0000"
"148","32.8000","2.3030",,,"43.0116","2.7283","3.5200","1850.0000"
"149","32.8800","2.3085",,,"43.5660","2.7218","3.5200","1898.0000"
"150","32.9600","2.3139",,,"43.5201","2.7154","3.5200","1894.0000"
"151","33.0400","2.3194",,,"43.2782","2.7090","3.5200","1873.0000"
"152","33.1200","2.3248",,,"42.2256","2.7026","3.5200","1783.0000"
"153","33.2000","2.3303",,,"42.3792","2.6963","3.5200","1796.0000"
"154","33.2800","2.3358",,,"43.9204","2.6900","3.5200","1929.0000"
"155","33.3600","2.3412",,,"43.6234","2.6837","3.5200","1903.0000"
"156","33.4400","2.3467",,,"43.8178","2.6775","3.5200","1920.0000"
"157","33.5200","2.3521",,,"42.3792","2.6713","3.5200","1796.0000"
"158","33.6000","2.3576",,,"42.5793","2.6651","3.5200","1813.0000"
"159","33.6800","2.3630",,,"42.0714","2.6590","3.5200","1770.0000"
"160","33.7600","2.3685",,,"42.6615","2.6528","3.5200","1820.0000"
"161","33.8400","2.3739",,,"43.1161","2.6467","3.5200","1859.0000"
"162","33.9200","2.3794",,,"40.7922","2.6407","3.5200","1664.0000"
"163","34.0000","2.3848",,,"43.0465","2.6347","3.5200","1853.0000"
"164","34.0800","2.3903",,,"42.6849","2.6287","3.5200","1822.0000"
"165","34.1600","2.3957",,,"43.7493","2.6227","3.5200","1914.0000"
"166","34.2400","2.4012",,,"42.1426","2.6167","3.5200","1776.0000"
"167","34.3200","2.4066",,,"43.2551","2.6108","3.5200","1871.0000"
"168","34.4000","2.4120",,,"42.5793","2.6049","3.5200","1813.0000"
"169","34.4800","2.4175",,,"41.5812","2.5991","3.5200","1729.0000"
"170","34.5600","2.4229",,,"44.4522","2.5932","3.5200","1976.0000"
"171","34.6400","2.4283",,,"42.8486","2.5874","3.5200","1836.0000"
"172","34.7200","2.4338",,,"42.8135","2.5817","3.5200","1833.0000"
"173","34.8000","2.4392",,,"42.8486","2.5759","3.5200","1836.0000"
"174","34.8800","2.4447",,,"43.9886","2.5702","3.5200","1935.0000"
"175","34.9600","2.4501",,,"42.6966","2.5645","3.5200","1823.0000"
"176","35.0400","2.4555",,,"42.8719","2.5588","3.5200","1838.0000"
"177","35.1200","2.4609",,,"43.1161","2.5532","3.5200","1859.0000"
"178","35.2000","2.4664",,,"42.6380","2.5475","3.5200","1818.0000"
"179","35.2800","2.4718",,,"42.1663","2.5419","3.5200","1778.0000"
"180","35.3600","2.4772",,,"42.0476","2.5364","3.5200","1768.0000"
"181","35.4400","2.4827",,,"42.8836","2.5308","3.5200","1839.0000"
"182","35.5200","2.4881",,,"41.5933","2.5253","3.5200","1730.0000"
"183","35.6000","2.4935",,,"42.7434","2.5198","3.5200","1827.0000"
"184","35.6800","2.4989",,,"42.4146","2.5144","3.5200","1799.0000"
"185","35.7600","2.5043",,,"42.1426","2.5089","3.5200","1776.0000"
"186","35.8400","2.5098",,,"40.3733","2.5035","3.5200","1630.0000"
"187","35.9200","2.5152",,,"42.0000","2.4981","3.5200","1764.0000"
"188","36.0000","2.5206",,,"42.3792","2.4927","3.5200","1796.0000"
"189","36.0800","2.5260",,,"42.9884","2.4874","3.5200","1848.0000"
"190","36.1600","2.5314",,,"41.7253","2.4821","3.5200","1741.0000"
"191","36.2400","2.5368",,,"42.8836","2.4768","3.5200","1839.0000"
"192","36.3200","2.5422",,,"41.7133","2.4715","3.5200","1740.0000"
"193","36.4000","2.5477",,,"42.0238","2.4663","3.5200","1766.0000"
"194","36.4800","2.5531",,,"42.9767","2.4610","3.5200","1847.0000"
"195","36.5600","2.5585",,,"40.4969","2.4558","3.5200","1640.0000"
"196","36.6400","2.5639",,,"42.0833","2.4507","3.5200","1771.0000"
"197","36.7200","2.5693",,,"42.5793","2.4455","3.5200","1813.0000"
"198","36.8000","2.5747",,,"42.3320","2.4404","3.5200","1792.0000"
"199","36.8800","2.5801",,,"42.2493","2.4353","3.5200","1785.0000"
"200","36.9600","2.5855",,,"43.1972","2.4302","3.5200","1866.0000"
"201","37.0400","2.5909",,,"42.2256","2.4251","3.5200","1783.0000"
"202","37.1200","2.5963",,,"41.2432","2.4201","3.5200","1701.0000"
"203","37.2000","2.6017",,,"40.4475","2.4150","3.5200","1636.0000"
"204","37.2800","2.6071",,,"40.3980","2.4100","3.5200","1632.0000"
"205","37.3600","2.6125",,,"42.4735","2.4051","3.5200","1804.0000"
"206","37.4400","2.6179",,,"42.5441","2.4001","3.5200","1810.0000"
"207","37.5200","2.6233",,,"42.0238","2.3952","3.5200","1766.0000"
"208","37.6000","2.6287",,,"42.1307","2.3903","3.5200","1775.0000"
"209","37.6800","2.6341",,,"42.7551","2.3854","3.5200","1828.0000"
"210","37.7600","2.6394",,,"41.5572","2.3805","3.5200","1727.0000"
"211","37.8400","2.6448",,,"41.9762","2.3757","3.5200","1762.0000"
"212","37.9200","2.6502",,,"42.6615","2.3708","3.5200","1820.0000"
"213","38.0000","2.6556",,,"40.5339","2.3660","3.5200","1643.0000"
"214","38.0800","2.6610",,,"41.2432","2.3612","3.5200","1701.0000"
"215","38.1600","2.6664",,,"42.4146","2.3565","3.5200","1799.0000"
"216","38.2400","2.6717",,,"41.3884","2.3517","3.5200","1713.0000"
"217","38.3200","2.6771",,,"42.4146","2.3470","3.5200","1799.0000"
"218","38.4000","2.6825",,,"40.8044","2.3423","3.5200","1665.0000"
"219","38.4800","2.6879",,,"43.3590","2.3376","3.5200","1880.0000"
"220","38.5600","2.6933",,,"40.0749","2.3329","3.5200","1606.0000"
"221","38.6400","2.6986",,,"42.7902","2.3283","3.5200","1831.0000"
"222","38.7200","2.7040",,,"42.6497","2.3237","3.5200","1819.0000"
"223","38.8000","2.7094",,,"42.6497","2.3191","3.5200","1819.0000"
"224","38.8800","2.7147",,,"42.6849","2.3145","3.5200","1822.0000"
"225","38.9600","2.7201",,,"43.1277","2.3099","3.5200","1860.0000"
"226","39.0400","2.7255",,,"41.2068","2.3053","3.5200","1698.0000"
"227","39.1200","2.7309",,,"43.2088","2.3008","3.5200","1867.0000"
"228","39.2000","2.7362",,,"41.3763","2.2963","3.5200","1712.0000"
"229","39.2800","2.7416",,,"41.1582","2.2918","3.5200","1694.0000"
"230","39.3600","2.7469",,,"42.9767","2.2873","3.5200","1847.0000"
"231","39.4400","2.7523",,,"42.3792","2.2829","3.5200","1796.0000"
"232","39.5200","2.7577",,,"42.5323","2.2784","3.5200","1809.0000"
"233","39.6000","2.7630",,,"41.4246","2.2740","3.5200","1716.0000"
"234","39.6800","2.7684",,,"41.8091","2.2696","3.5200","1748.0000"
"235","39.7600","2.7737",,,"41.5572","2.2652","3.5200","1727.0000"
"236","39.8400","2.7791",,,"41.2068","2.2609","3.5200","1698.0000"
"237","39.9200","2.7844",,,"41.9285","2.2565","3.5200","1758.0000"
"238","40.0000","2.7898",,,"42.8952","2.2522","3.5200","1840.0000"
"239","40.0800","2.7951",,,"42.7317","2.2479","3.5200","1826.0000"
"240","40.1600","2.8005",,,"41.7852","2.2436","3.5200","1746.0000"
"241","40.2400","2.8058",,,"42.1307","2.2393","3.5200","1775.0000"
"242","40.3200","2.8112",,,"41.3763","2.2351","3.5200","1712.0000"
"243","40.4000","2.8165",,,"41.7253","2.2308","3.5200","1741.0000"
"244","40.4800","2.8219",,,"42.2374","2.2266","3.5200","1784.0000"
"245","40.5600","2.8272",,,"42.2847","2.2224","3.5200","1788.0000"
"246","40.6400","2.8326",,,"42.9418","2.2182","3.5200","1844.0000"
"247","40.7200","2.8379",,,"40.8656","2.2140","3.5200","1670.0000"
"248","40.8000","2.8432",,,"42.4500","2.2099","3.5200","1802.0000"
"249","40.8800","2.8486",,,"41.9047","2.2057","3.5200","1756.0000"
"250","40.9600","2.8539",,,"42.3084","2.2016","3.5200","1790.0000"
"251","41.0400","2.8592",,,"42.4146","2.1975","3.5200","1799.0000"
"252","41.1200","2.8646",,,"42.0119","2.1934","3.5200","1765.0000"
"253","41.2000","2.8699",,,"43.0465","2.1893","3.5200","1853.0000"
"254","41.2800","2.8752",,,"41.1825","2.1853","3.5200","1696.0000"
"255","41.3600","2.8806",,,"41.4970","2.1812","3.5200","1722.0000"
"256","41.4400","2.8859",,,"42.4853","2.1772","3.5200","1805.0000"
"257","41.5200","2.8912",,,"42.7434","2.1732","3.5200","1827.0000"
"258","41.6000","2.8965",,,"41.9524","2.1692","3.5200","1760.0000"
"259","41.6800","2.9019",,,"43.2782","2.1652","3.5200","1873.0000"
"260","41.7600","2.9072",,,"41.9047","2.1613","3.5200","1756.0000"
"261","41.8400","2.9125",,,"42.4264","2.1573","3.5200","1800.0000"
"262","41.9200","2.9178",,,"40.9023","2.1534","3.5200","1673.0000"
"263","42.0000","2.9231",,,"40.4846","2.1495","3.5200","1639.0000"
"264","42.0800","2.9285",,,"42.6146","2.1456","3.5200","1816.0000"
"265","42.1600","2.9338",,,"41.9524","2.1417","3.5200","1760.0000"
"266","42.2400","2.9391",,,"42.1663","2.1378","3.5200","1778.0000"
"267","42.3200","2.9444",,,"40.9145","2.1339","3.5200","1674.0000"
"268","42.4000","2.9497",,,"41.7373","2.1301","3.5200","1742.0000"
"269","42.4800","2.9550",,,"40.4599","2.1263","3.5200","1637.0000"
"270","42.5600","2.9603",,,"41.5692","2.1225","3.5200","1728.0000"
"271","42.6400","2.9656",,,"42.1782","2.1187","3.5200","1779.0000"
"272","42.7200","2.9709",,,"43.0813","2.1149","3.5200","1856.0000"
"273","42.8000","2.9762",,,"42.3792","2.1111","3.5200","1796.0000"
"274","42.8800","2.9815",,,"42.7317","2.1074","3.5200","1826.0000"
"275","42.9600","2.9868",,,"43.3013","2.1036","3.5200","1875.0000"
"276","43.0400","2.9921",,,"42.7083","2.0999","3.5200","1824.0000"
"277","43.1200","2.9974",,,"42.4500","2.0962","3.5200","1802.0000"
"278","43.2000","3.0027",,,"41.4367","2.0925","3.5200","1717.0000"
"279","43.2800","3.0080",,,"42.0833","2.0888","3.5200","1771.0000"
"280","43.3600","3.0133",,,"41.6293","2.0851","3.5200","1733.0000"
"281","43.4400","3.0186",,,"41.3280","2.0815","3.5200","1708.0000"
"282","43.5200","3.0239",,,"42.5088","2.0778","3.5200","1807.0000"
"283","43.6000","3.0292",,,"41.8808","2.0742","3.5200","1754.0000"
"284","43.6800","3.0345",,,"41.5211","2.0706","3.5200","1724.0000"
"285","43.7600","3.0397",,,"41.9524","2.0670","3.5200","1760.0000"
"286","43.8400","3.0450",,,"40.8656","2.0634","3.5200","1670.0000"
"287","43.9200","3.0503",,,"41.7253","2.0598","3.5200","1741.0000"
"288","44.0000","3.0556",,,"41.6413","2.0563","3.5200","1734.0000"
"289","44.0800","3.0609",,,"42.6615","2.0527","3.5200","1820.0000"
"290","44.1600","3.0662",,,"42.4853","2.0492","3.5200","1805.0000"
"291","44.2400","3.0714",,,"41.9762","2.0457","3.5200","1762.0000"
"292","44.3200","3.0767",,,"42.4617","2.0422","3.5200","1803.0000"
"293","44.4000","3.0820",,,"43.4281","2.0387","3.5200","1886.0000"
"294","44.4800","3.0872",,,"41.0244","2.0352","3.5200","1683.0000"
"295","44.5600","3.0925",,,"42.5911","2.0317","3.5200","1814.0000"
"296","44.6400","3.0978",,,"41.8927","2.0283","3.5200","1755.0000"
"297","44.7200","3.1031",,,"40.0125","2.0248","3.5200","1601.0000"
"298","44.8000","3.1083",,,"41.8210","2.0214","3.5200","1749.0000"
"299","44.8800","3.1136",,,"42.2966","2.0180","3.5200","1789.0000"
"300","44.9600","3.1188",,,"41.7253","2.0146","3.5200","1741.0000"
"301","45.0400","3.1241",,,"41.8569","2.0112","3.5200","1752.0000"
"302","45.1200","3.1294",,,"42.1426","2.0078","3.5200","1776.0000"
"303","45.2000","3.1346",,,"42.4971","2.0044","3.5200","1806.0000"
"304","45.2800","3.1399",,,"42.3556","2.0011","3.5200","1794.0000"
"305","45.3600","3.1451",,,"41.7013","1.9977","3.5200","1739.0000"
"306","45.4400","3.1504",,,"43.4166","1.9944","3.5200","1885.0000"
"307","45.5200","3.1556",,,"42.4146","1.9911","3.5200","1799.0000"
"308","45.6000","3.1609",,,"42.6497","1.9878","3.5200","1819.0000"
"309","45.6800","3.1661",,,"42.6732","1.9845","3.5200","1821.0000"
"310","45.7600","3.1714",,,"41.6893","1.9812","3.5200","1738.0000"
"311","45.8400","3.1766",,,"40.5709","1.9779","3.5200","1646.0000"
"312","45.9200","3.1819",,,"42.2966","1.9747","3.5200","1789.0000"
"313","46.0000","3.1871",,,"42.7083","1.9714","3.5200","1824.0000"
"314","46.0800","3.1924",,,"42.0119","1.9682","3.5200","1765.0000"
"315","46.1600","3.1976",,,"41.7852","1.9650","3.5200","1746.0000"
"316","46.2400","3.2028",,,"41.7013","1.9618","3.5200","1739.0000"
"317","46.3200","3.2081",,,"42.8602","1.9586","3.5200","1837.0000"
"318","46.4000","3.2133",,,"42.6966","1.9554","3.5200","1823.0000"
"319","46.4800","3.2185",,,"42.4617","1.9522","3.5200","1803.0000"
"320","46.5600","3.2238",,,"40.8901","1.9490","3.5200","1672.0000"
"321","46.6400","3.2290",,,"40.1871","1.9459","3.5200","1615.0000"
"322","46.7200","3.2342",,,"41.9285","1.9427","3.5200","1758.0000"
"323","46.8000","3.2395",,,"42.1070","1.9396","3.5200","1773.0000"
"324","46.8800","3.2447",,,"43.0465","1.9365","3.5200","1853.0000"
"325","46.9600","3.2499",,,"42.4971","1.9333","3.5200","1806.0000"
"326","47.0400","3.2551",,,"42.7551","1.9302","3.5200","1828.0000"
"327","47.1200","3.2604",,,"42.7551","1.9271","3.5200","1828.0000"
"328","47.2000","3.2656",,,"42.2256","1.9241","3.5200","1783.0000"
"329","47.2800","3.2708",,,"43.6578","1.9210","3.5200","1906.0000"
"330","47.3600","3.2760",,,"42.6028","1.9179","3.5200","1815.0000"
"331","47.4400","3.2812",,,"42.4264","1.9149","3.5200","1800.0000"
"332","47.5200","3.2864",,,"42.5323","1.9119","3.5200","1809.0000"
"333","47.6000","3.2916",,,"43.1741","1.9088","3.5200","1864.0000"
"334","47.6800","3.2969",,,"44.4860","1.9058","3.5200","1979.0000"
"335","47.7600","3.3021",,,"43.0929","1.9028","3.5200","1857.0000"
"336","47.8400","3.3073",,,"43.8634","1.8998","3.5200","1924.0000"
"337","47.9200","3.3125",,,"42.2493","1.8968","3.5200","1785.0000"
"338","48.0000","3.3177",,,"42.6380","1.8939","3.5200","1818.0000"
"339","48.0800","3.3229",,,"42.8486","1.8909","3.5200","1836.0000"
"340","48.1600","3.3281",,,"42.9884","1.8879","3.5200","1848.0000"
"341","48.2400","3.3333",,,"43.2204","1.8850","3.5200","1868.0000"
"342","48.3200","3.3385",,,"43.6921","1.8821","3.5200","1909.0000"
"343","48.4000","3.3437",,,"43.3474","1.8791","3.5200","1879.0000"
"344","48.4800","3.3489",,,"43.8748","1.8762","3.5200","1925.0000"
"345","48.5600","3.3541",,,"44.0681","1.8733","3.5200","1942.0000"
"346","48.6400","3.3592",,,"43.7150","1.8704","3.5200","1911.0000"
"347","48.7200","3.3644",,,"44.6318","1.8675","3.5200","1992.0000"
"348","48.8000","3.3696",,,"47.8957","1.8647","3.5200","2294.0000"
"349","48.8800","3.3748",,,"51.4976","1.8618","3.5200","2652.0000"
"350","48.9600","3.3800",,,"57.3760","1.8589","3.5200","3292.0000"
"351","49.0400","3.3852",,,"65.7115","1.8561","3.5200","4318.0000"
"352","49.1200","3.3903",,,"70.3562","1.8533","3.5200","4950.0000"
"353","49.2000","3.3955",,,"74.5855","1.8504","3.5200","5563.0000"
"354","49.2800","3.4007",,,"77.2917","1.8476","3.5200","5974.0000"
"355","49.3600","3.4059",,,"79.9375","1.8448","3.5200","6390.0000"
"356","49.4400","3.4111",,,"81.4862","1.8420","3.5200","6640.0000"
"357","49.5200","3.4162",,,"83.3966","1.8392","3.5200","6955.0000"
"358","49.6000","3.4214",,,"84.3090","1.8364","3.5200","7108.0000"
"359","49.6800","3.4266",,,"84.9058","1.8337","3.5200","7209.0000"
"360","49.7600","3.4317",,,"82.7526","1.8309","3.5200","6848.0000"
"361","49.8400","3.4369",,,"79.0380","1.8282","3.5200","6247.0000"
"362","49.9200","3.4421",,,"70.4982","1.8254","3.5200","4970.0000"
"363","50.0000","3.4472",,,"61.5549","1.8227","3.5200","3789.0000"
"364","50.0800","3.4524",,,"51.8845","1.8200","3.5200","2692.0000"
"365","50.1600","3.4575",,,"46.0652","1.8172","3.5200","2122.0000"
"366","50.2400","3.4627",,,"43.3013","1.8145","3.5200","1875.0000"
"367","50.3200","3.4678",,,"43.5890","1.8118","3.5200","1900.0000"
"368","50.4000","3.4730",,,"43.6807","1.8092","3.5200","1908.0000"
"369","50.4800","3.4782",,,"41.7732","1.8065","3.5200","1745.0000"
"370","50.5600","3.4833",,,"43.5431","1.8038","3.5200","1896.0000"
"371","50.6400","3.4885",,,"42.6966","1.8011","3.5200","1823.0000"
"372","50.7200","3.4936",,,"42.8252","1.7985","3.5200","1834.0000"
"373","50.8000","3.4987",,,"43.4741","1.7958","3.5200","1890.0000"
"374","50.8800","3.5039",,,"42.1900","1.7932","3.5200","1780.0000"
"375","50.9600","3.5090",,,"42.5441","1.7906","3.5200","1810.0000"
"376","51.0400","3.5142",,,"42.6966","1.7880","3.5200","1823.0000"
"377","51.1200","3.5193",,,"41.6173","1.7853","3.5200","1732.0000"
"378","51.2000","3.5244",,,"43.3590","1.7827","3.5200","1880.0000"
"379","51.2800","3.5296",,,"41.8091","1.7802","3.5200","1748.0000"
"380","51.3600","3.5347",,,"41.3159","1.7776","3.5200","1707.0000"
"381","51.4400","3.5398",,,"43.5316","1.7750","3.5200","1895.0000"
"382","51.5200","3.5450",,,"43.0116","1.7724","3.5200","1850.0000"
"383","51.6000","3.5501",,,"42.6732","1.7699","3.5200","1821.0000"
"384","51.6800","3.5552",,,"42.6146","1.7673","3.5200","1816.0000"
"385","51.7600","3.5603",,,"42.6966","1.7648","3.5200","1823.0000"
"386","51.8400","3.5655",,,"42.6732","1.7622","3.5200","1821.0000"
"387","51.9200","3.5706",,,"42.6028","1.7597","3.5200","1815.0000"
"388","52.0000","3.5757",,,"42.0951","1.7572","3.5200","1772.0000"
"389","52.0800","3.5808",,,"41.5572","1.7547","3.5200","1727.0000"
"390","52.1600","3.5859",,,"41.9166","1.7522","3.5200","1757.0000"
"391","52.2400","3.5911",,,"41.7732","1.7497","3.5200","1745.0000"
"392","52.3200","3.5962",,,"42.6263","1.7472","3.5200","1817.0000"
"393","52.4000","3.6013",,,"40.7554","1.7447","3.5200","1661.0000"
"394","52.4800","3.6064",,,"41.9881","1.7422","3.5200","1763.0000"
"395","52.5600","3.6115",,,"41.6413","1.7398","3.5200","1734.0000"
"396","52.6400","3.6166",,,"41.1339","1.7373","3.5200","1692.0000"
"397","52.7200","3.6217",,,"42.2137","1.7349","3.5200","1782.0000"
"398","52.8000","3.6268",,,"41.5211","1.7324","3.5200","1724.0000"
"399","52.8800","3.6319",,,"41.4005","1.7300","3.5200","1714.0000"
"400","52.9600","3.6370",,,"43.0232","1.7276","3.5200","1851.0000"
"401","53.0400","3.6421",,,"42.2256","1.7252","3.5200","1783.0000"
"402","53.1200","3.6472",,,"40.0125","1.7227","3.5200","1601.0000"
"403","53.2000","3.6523",,,"42.3438","1.7203","3.5200","1793.0000"
"404","53.2800","3.6574",,,"40.7308","1.7179","3.5200","1659.0000"
"405","53.3600","3.6625",,,"41.8450","1.7156","3.5200","1751.0000"
"406","53.4400","3.6676",,,"42.4617","1.7132","3.5200","1803.0000"
"407","53.5200","3.6726",,,"42.4500","1.7108","3.5200","1802.0000"
"408","53.6000","3.6777",,,"43.0000","1.7084","3.5200","1849.0000"
"409","53.6800","3.6828",,,"40.6325","1.7061","3.5200","1651.0000"
"410","53.7600","3.6879",,,"40.7922","1.7037","3.5200","1664.0000"
"411","53.8400","3.6930",,,"41.0974","1.7014","3.5200","1689.0000"
"412","53.9200","3.6980",,,"40.4722","1.6991","3.5200","1638.0000"
"413","54.0000","3.7031",,,"39.6989","1.6967","3.5200","1576.0000"
"414","54.0800","3.7082",,,"40.8167","1.6944","3.5200","1666.0000"
"415","54.1600","3.7133",,,"41.7013","1.6921","3.5200","1739.0000"
"416","54.2400","3.7183",,,"41.0244","1.6898","3.5200","1683.0000"
"417","54.3200","3.7234",,,"41.6293","1.6875","3.5200","1733.0000"
"418","54.4000","3.7285",,,"40.8412","1.6852","3.5200","1668.0000"
"419","54.4800","3.7335",,,"40.8534","1.6829","3.5200","1669.0000"
"420","54.5600","3.7386",,,"41.2795","1.6806","3.5200","1704.0000"
"421","54.6400","3.7436",,,"41.6653","1.6784","3.5200","1736.0000"
"422","54.7200","3.7487",,,"43.2319","1.6761","3.5200","1869.0000"
"423","54.8000","3.7538",,,"41.6653","1.6738","3.5200","1736.0000"
"424","54.8800","3.7588",,,"41.2432","1.6716","3.5200","1701.0000"
"425","54.9600","3.7639",,,"42.4853","1.6693","3.5200","1805.0000"
"426","55.0400","3.7689",,,"41.5572","1.6671","3.5200","1727.0000"
"427","55.1200","3.7740",,,"42.2729","1.6649","3.5200","1787.0000"
"428","55.2000","3.7790",,,"42.3084","1.6626","3.5200","1790.0000"
"429","55.2800","3.7841",,,"41.5452","1.6604","3.5200","1726.0000"
"430","55.3600","3.7891",,,"41.4729","1.6582","3.5200","1720.0000"
"431","55.4400","3.7942",,,"41.6053","1.6560","3.5200","1731.0000"
"432","55.5200","3.7992",,,"41.8210","1.6538","3.5200","1749.0000"
"433","55.6000","3.8042",,,"41.7493","1.6516","3.5200","1743.0000"
"434","55.6800","3.8093",,,"41.4729","1.6494","3.5200","1720.0000"
"435","55.7600","3.8143",,,"41.0366","1.6473","3.5200","1684.0000"
"436","55.8400","3.8193",,,"41.2916","1.6451","3.5200","1705.0000"
"437","55.9200","3.8244",,,"41.1704","1.6429","3.5200","1695.0000"
"438","56.0000","3.8294",,,"40.9390","1.6408","3.5200","1676.0000"
"439","56.0800","3.8344",,,"43.1509","1.6386","3.5200","1862.0000"
"440","56.1600","3.8394",,,"40.4846","1.6365","3.5200","1639.0000"
"441","56.2400","3.8445",,,"40.8901","1.6343","3.5200","1672.0000"
"442","56.3200","3.8495",,,"40.8044","1.6322","3.5200","1665.0000"
"443","56.4000","3.8545",,,"42.2611","1.6301","3.5200","1786.0000"
"444","56.4800","3.8595",,,"41.9404","1.6280","3.5200","1759.0000"
"445","56.5600","3.8645",,,"41.7612","1.6259","3.5200","1744.0000"
"446","56.6400","3.8696",,,"42.8486","1.6237","3.5200","1836.0000"
"447","56.7200","3.8746",,,"42.5676","1.6216","3.5200","1812.0000"
"448","56.8000","3.8796",,,"41.9524","1.6196","3.5200","1760.0000"
"449","56.8800","3.8846",,,"43.0000","1.6175","3.5200","1849.0000"
"450","56.9600","3.8896",,,"41.4729","1.6154","3.5200","1720.0000"
"451","57.0400","3.8946",,,"43.1972","1.6133","3.5200","1866.0000"
"452","57.1200","3.8996",,,"42.1070","1.6112","3.5200","1773.0000"
"453","57.2000","3.9046",,,"42.6615","1.6092","3.5200","1820.0000"
"454","57.2800","3.9096",,,"42.5676","1.6071","3.5200","1812.0000"
"455","57.3600","3.9146",,,"42.3674","1.6051","3.5200","1795.0000"
"456","57.4400","3.9196",,,"41.5331","1.6030","3.5200","1725.0000"
"457","57.5200","3.9246",,,"42.5676","1.6010","3.5200","1812.0000"
"458","57.6000","3.9296",,,"42.4500","1.5989","3.5200","1802.0000"
"459","57.6800","3.9346",,,"42.4853","1.5969","3.5200","1805.0000"
"460","57.7600","3.9396",,,"43.1045","1.5949","3.5200","1858.0000"
"461","57.8400","3.9445",,,"42.6146","1.5929","3.5200","1816.0000"
"462","57.9200","3.9495",,,"42.8486","1.5909","3.5200","1836.0000"
"463","58.0000","3.9545",,,"43.4281","1.5889","3.5200","1886.0000"
"464","58.0800","3.9595",,,"43.3935","1.5869","3.5200","1883.0000"
"465","58.1600","3.9645",,,"42.3792","1.5849","3.5200","1796.0000"
"466","58.2400","3.9694",,,"43.2435","1.5829","3.5200","1870.0000"
"467","58.3200","3.9744",,,"43.1625","1.5809","3.5200","1863.0000"
"468","58.4000","3.9794",,,"43.9659","1.5789","3.5200","1933.0000"
"469","58.4800","3.9844",,,"43.0465","1.5770","3.5200","1853.0000"
"470","58.5600","3.9893",,,"43.7035","1.5750","3.5200","1910.0000"
"471","58.6400","3.9943",,,"43.4511","1.5730","3.5200","1888.0000"
"472","58.7200","3.9992",,,"43.0813","1.5711","3.5200","1856.0000"
"473","58.8000","4.0042",,,"44.0454","1.5691","3.5200","1940.0000"
"474","58.8800","4.0092",,,"42.8019","1.5672","3.5200","1832.0000"
"475","58.9600","4.0141",,,"43.8406","1.5653","3.5200","1922.0000"
"476","59.0400","4.0191",,,"43.9659","1.5633","3.5200","1933.0000"
"477","59.1200","4.0240",,,"44.0114","1.5614","3.5200","1937.0000"
"478","59.2000","4.0290",,,"44.4522","1.5595","3.5200","1976.0000"
"479","59.2800","4.0339",,,"43.0000","1.5576","3.5200","1849.0000"
"480","59.3600","4.0389",,,"44.5870","1.5557","3.5200","1988.0000"
"481","59.4400","4.0438",,,"44.2719","1.5538","3.5200","1960.0000"
"482","59.5200","4.0488",,,"44.9222","1.5519","3.5200","2018.0000"
"483","59.6000","4.0537",,,"45.2769","1.5500","3.5200","2050.0000"
"484","59.6800","4.0587",,,"44.8999","1.5481","3.5200","2016.0000"
"485","59.7600","4.0636",,,"44.2945","1.5462","3.5200","1962.0000"
"486","59.8400","4.0685",,,"44.1928","1.5443","3.5200","1953.0000"
"487","59.9200","4.0735",,,"45.1442","1.5425","3.5200","2038.0000"
"488","60.0000","4.0784",,,"44.5084","1.5406","3.5200","1981.0000"
"489","60.0800","4.0833",,,"44.1135","1.5387","3.5200","1946.0000"
"490","60.1600","4.0883",,,"45.3652","1.5369","3.5200","2058.0000"
"491","60.2400","4.0932",,,"45.5522","1.5350","3.5200","2075.0000"
"492","60.3200","4.0981",,,"45.8148","1.5332","3.5200","2099.0000"
"493","60.4000","4.1030",,,"44.7549","1.5313","3.5200","2003.0000"
"494","60.4800","4.1080",,,"45.5412","1.5295","3.5200","2074.0000"
"495","60.5600","4.1129",,,"45.8367","1.5277","3.5200","2101.0000"
"496","60.6400","4.1178",,,"45.6180","1.5259","3.5200","2081.0000"
"497","60.7200","4.1227",,,"45.8367","1.5240","3.5200","2101.0000"
"498","60.8000","4.1276",,,"45.7821","1.5222","3.5200","2096.0000"
"499","60.8800","4.1325",,,"45.8258","1.5204","3.5200","2100.0000"
"500","60.9600","4.1374",,,"46.2277","1.5186","3.5200","2137.0000"
"501","61.0400","4.1423",,,"45.8367","1.5168","3.5200","2101.0000"
"502","61.1200","4.1473",,,"46.3249","1.5150","3.5200","2146.0000"
"503","61.2000","4.1522",,,"47.0213","1.5132","3.5200","2211.0000"
"504","61.2800","4.1571",,,"45.9674","1.5115","3.5200","2113.0000"
"505","61.3600","4.1620",,,"46.1952","1.5097","3.5200","2134.0000"
"506","61.4400","4.1669",,,"47.4236","1.5079","3.5200","2249.0000"
"507","61.5200","4.1717",,,"46.5403","1.5061","3.5200","2166.0000"
"508","61.6000","4.1766",,,"46.7440","1.5044","3.5200","2185.0000"
"509","61.6800","4.1815",,,"47.4447","1.5026","3.5200","2251.0000"
"510","61.7600","4.1864",,,"46.7119","1.5009","3.5200","2182.0000"
"511","61.8400","4.1913",,,"46.8722","1.4991","3.5200","2197.0000"
"512","61.9200","4.1962",,,"47.6130","1.4974","3.5200","2267.0000"
"513","62.0000","4.2011",,,"47.5079","1.4956","3.5200","2257.0000"
"514","62.0800","4.2059",,,"48.5180","1.4939","3.5200","2354.0000"
"515","62.1600","4.2108",,,"47.6970","1.4921","3.5200","2275.0000"
"516","62.2400","4.2157",,,"48.4149","1.4904","3.5200","2344.0000"
"517","62.3200","4.2206",,,"47.9583","1.4887","3.5200","2300.0000"
"518","62.4000","4.2254",,,"47.6760","1.4870","3.5200","2273.0000"
"519","62.4800","4.2303",,,"48.2804","1.4853","3.5200","2331.0000"
"520","62.5600","4.2352",,,"47.6655","1.4836","3.5200","2272.0000"
"521","62.6400","4.2401",,,"47.7284","1.4819","3.5200","2278.0000"
"522","62.7200","4.2449",,,"48.0416","1.4802","3.5200","2308.0000"
"523","62.8000","4.2498",,,"48.5798","1.4785","3.5200","2360.0000"
"524","62.8800","4.2546",,,"47.8853","1.4768","3.5200","2293.0000"
"525","62.9600","4.2595",,,"47.5500","1.4751","3.5200","2261.0000"
"526","63.0400","4.2644",,,"48.2390","1.4734","3.5200","2327.0000"
"527","63.1200","4.2692",,,"48.1664","1.4717","3.5200","2320.0000"
"528","63.2000","4.2741",,,"48.4045","1.4701","3.5200","2343.0000"
"529","63.2800","4.2789",,,"47.9270","1.4684","3.5200","2297.0000"
"530","63.3600","4.2838",,,"47.8330","1.4667","3.5200","2288.0000"
"531","63.4400","4.2886",,,"48.8774","1.4651","3.5200","2389.0000"
"532","63.5200","4.2934",,,"47.9896","1.4634","3.5200","2303.0000"
"533","63.6000","4.2983",,,"48.3322","1.4618","3.5200","2336.0000"
"534","63.6800","4.3031",,,"49.4469","1.4601","3.5200","2445.0000"
"535","63.7600","4.3080",,,"48.6621","1.4585","3.5200","2368.0000"
"536","63.8400","4.3128",,,"50.2593","1.4569","3.5200","2526.0000"
"537","63.9200","4.3176",,,"49.0408","1.4552","3.5200","2405.0000"
"538","64.0000","4.3225",,,"51.3907","1.4536","3.5200","2641.0000"
"539","64.0800","4.3273",,,"49.2138","1.4520","3.5200","2422.0000"
"540","64.1600","4.3321",,,"50.1398","1.4504","3.5200","2514.0000"
"541","64.2400","4.3369",,,"49.5278","1.4488","3.5200","2453.0000"
"542","64.3200","4.3418",,,"49.8197","1.4472","3.5200","2482.0000"
"543","64.4000","4.3466",,,"49.0102","1.4455","3.5200","2402.0000"
"544","64.4800","4.3514",,,"48.1144","1.4439","3.5200","2315.0000"
"545","64.5600","4.3562",,,"48.0833","1.4424","3.5200","2312.0000"
"546","64.6400","4.3610",,,"47.6025","1.4408","3.5200","2266.0000"
"547","64.7200","4.3658",,,"47.5079","1.4392","3.5200","2257.0000"
"548","64.8000","4.3706",,,"48.0625","1.4376","3.5200","2310.0000"
"549","64.8800","4.3754",,,"46.4112","1.4360","3.5200","2154.0000"
"550","64.9600","4.3803",,,"46.5618","1.4344","3.5200","2168.0000"
"551","65.0400","4.3851",,,"47.0106","1.4329","3.5200","2210.0000"
"552","65.1200","4.3899",,,"45.9021","1.4313","3.5200","2107.0000"
"553","65.2000","4.3947",,,"47.0956","1.4297","3.5200","2218.0000"
"554","65.2800","4.3994",,,"45.4753","1.4282","3.5200","2068.0000"
"555","65.3600","4.4042",,,"45.9674","1.4266","3.5200","2113.0000"
"556","65.4400","4.4090",,,"46.0217","1.4251","3.5200","2118.0000"
"557","65.5200","4.4138",,,"45.7930","1.4235","3.5200","2097.0000"
"558","65.6000","4.4186",,,"45.7712","1.4220","3.5200","2095.0000"
"559","65.6800","4.4234",,,"44.8219","1.4204","3.5200","2009.0000"
"560","65.7600","4.4282",,,"46.0435","1.4189","3.5200","2120.0000"
"561","65.8400","4.4330",,,"45.8367","1.4174","3.5200","2101.0000"
"562","65.9200","4.4377",,,"45.3431","1.4159","3.5200","2056.0000"
"563","66.0000","4.4425",,,"45.9456","1.4143","3.5200","2111.0000"
"564","66.0800","4.4473",,,"45.8585","1.4128","3.5200","2103.0000"
"565","66.1600","4.4521",,,"46.3249","1.4113","3.5200","2146.0000"
"566","66.2400","4.4568",,,"45.4313","1.4098","3.5200","2064.0000"
"567","66.3200","4.4616",,,"44.8776","1.4083","3.5200","2014.0000"
"568","66.4000","4.4664",,,"45.2438","1.4068","3.5200","2047.0000"
"569","66.4800","4.4711",,,"45.1331","1.4053","3.5200","2037.0000"
"570","66.5600","4.4759",,,"45.8803","1.4038","3.5200","2105.0000"
"571","66.6400","4.4807",,,"46.6798","1.4023","3.5200","2179.0000"
"572","66.7200","4.4854",,,"46.8188","1.4008","3.5200","2192.0000"
"573","66.8000","4.4902",,,"49.0000","1.3993","3.5200","2401.0000"
"574","66.8800","4.4949",,,"50.8232","1.3978","3.5200","2583.0000"
"575","66.9600","4.4997",,,"51.9615","1.3964","3.5200","2700.0000"
"576","67.0400","4.5044",,,"53.2353","1.3949","3.5200","2834.0000"
"577","67.1200","4.5092",,,"54.8088","1.3934","3.5200","3004.0000"
"578","67.2000","4.5139",,,"54.8999","1.3920","3.5200","3014.0000"
"579","67.2800","4.5187",,,"54.1941","1.3905","3.5200","2937.0000"
"580","67.3600","4.5234",,,"55.2449","1.3890","3.5200","3052.0000"
"581","67.4400","4.5281",,,"53.5444","1.3876","3.5200","2867.0000"
"582","67.5200","4.5329",,,"53.9444","1.3861","3.5200","2910.0000"
"583","67.6000","4.5376",,,"51.6430","1.3847","3.5200","2667.0000"
"584","67.6800","4.5423",,,"51.1468","1.3833","3.5200","2616.0000"
"585","67.7600","4.5471",,,"48.0104","1.3818","3.5200","2305.0000"
"586","67.8400","4.5518",,,"45.4203","1.3804","3.5200","2063.0000"
"587","67.9200","4.5565",,,"43.6921","1.3789","3.5200","1909.0000"
"588","68.0000","4.5612",,,"43.2782","1.3775","3.5200","1873.0000"
"589","68.0800","4.5660",,,"44.5197","1.3761","3.5200","1982.0000"
"590","68.1600","4.5707",,,"43.1161","1.3747","3.5200","1859.0000"
"591","68.2400","4.5754",,,"43.7721","1.3733","3.5200","1916.0000"
"592","68.3200","4.5801",,,"41.8330","1.3718","3.5200","1750.0000"
"593","68.4000","4.5848",,,"43.5546","1.3704","3.5200","1897.0000"
"594","68.4800","4.5895",,,"42.7083","1.3690","3.5200","1824.0000"
"595","68.5600","4.5942",,,"43.3820","1.3676","3.5200","1882.0000"
"596","68.6400","4.5989",,,"41.8569","1.3662","3.5200","1752.0000"
"597","68.7200","4.6036",,,"42.2966","1.3648","3.5200","1789.0000"
"598","68.8000","4.6083",,,"42.9302","1.3634","3.5200","1843.0000"
"599","68.8800","4.6130",,,"42.2493","1.3621","3.5200","1785.0000"
"600","68.9600","4.6177",,,"41.8808","1.3607","3.5200","1754.0000"
"601","69.0400","4.6224",,,"42.4971","1.3593","3.5200","1806.0000"
"602","69.1200","4.6271",,,"43.4396","1.3579","3.5200","1887.0000"
"603","69.2000","4.6318",,,"41.9524","1.3565","3.5200","1760.0000"
"604","69.2800","4.6365",,,"42.9535","1.3552","3.5200","1845.0000"
"605","69.3600","4.6412",,,"43.2551","1.3538","3.5200","1871.0000"
"606","69.4400","4.6458",,,"42.2493","1.3524","3.5200","1785.0000"
"607","69.5200","4.6505",,,"43.7607","1.3511","3.5200","1915.0000"
"608","69.6000","4.6552",,,"41.1218","1.3497","3.5200","1691.0000"
"609","69.6800","4.6599",,,"42.8719","1.3484","3.5200","1838.0000"
"610","69.7600","4.6646",,,"40.9634","1.3470","3.5200","1678.0000"
"611","69.8400","4.6692",,,"41.5933","1.3457","3.5200","1730.0000"
"612","69.9200","4.6739",,,"42.4146","1.3443","3.5200","1799.0000"
"613","70.0000","4.6786",,,"42.4735","1.3430","3.5200","1804.0000"
"614","70.0800","4.6832",,,"42.2137","1.3416","3.5200","1782.0000"
"615","70.1600","4.6879",,,"41.6413","1.3403","3.5200","1734.0000"
"616","70.2400","4.6925",,,"40.8167","1.3390","3.5200","1666.0000"
"617","70.3200","4.6972",,,"41.3159","1.3376","3.5200","1707.0000"
"618","70.4000","4.7019",,,"40.2989","1.3363","3.5200","1624.0000"
"619","70.4800","4.7065",,,"41.2432","1.3350","3.5200","1701.0000"
"620","70.5600","4.7112",,,"41.5452","1.3337","3.5200","1726.0000"
"621","70.6400","4.7158",,,"40.9878","1.3324","3.5200","1680.0000"
"622","70.7200","4.7204",,,"41.8450","1.3311","3.5200","1751.0000"
"623","70.8000","4.7251",,,"40.9390","1.3297","3.5200","1676.0000"
"624","70.8800","4.7297",,,"41.5331","1.3284","3.5200","1725.0000"
"625","70.9600","4.7344",,,"41.0731","1.3271","3.5200","1687.0000"
"626","71.0400","4.7390",,,"41.3763","1.3258","3.5200","1712.0000"
"627","71.1200","4.7436",,,"41.1218","1.3246","3.5200","1691.0000"
"628","71.2000","4.7483",,,"41.1947","1.3233","3.5200","1697.0000"
"629","71.2800","4.7529",,,"40.8289","1.3220","3.5200","1667.0000"
"630","71.3600","4.7575",,,"41.0366","1.3207","3.5200","1684.0000"
"631","71.4400","4.7621",,,"40.0500","1.3194","3.5200","1604.0000"
"632","71.5200","4.7668",,,"41.9404","1.3181","3.5200","1759.0000"
"633","71.6000","4.7714",,,"42.8252","1.3168","3.5200","1834.0000"
"634","71.6800","4.7760",,,"45.4863","1.3156","3.5200","2069.0000"
"635","71.7600","4.7806",,,"46.9148","1.3143","3.5200","2201.0000"
"636","71.8400","4.7852",,,"49.2240","1.3130","3.5200","2423.0000"
"637","71.9200","4.7898",,,"51.7687","1.3118","3.5200","2680.0000"
"638","72.0000","4.7945",,,"51.4101","1.3105","3.5200","2643.0000"
"639","72.0800","4.7991",,,"52.9339","1.3093","3.5200","2802.0000"
"640","72.1600","4.8037",,,"52.6118","1.3080","3.5200","2768.0000"
"641","72.2400","4.8083",,,"53.6749","1.3067","3.5200","2881.0000"
"642","72.3200","4.8129",,,"54.3875","1.3055","3.5200","2958.0000"
"643","72.4000","4.8175",,,"55.5608","1.3043","3.5200","3087.0000"
"644","72.4800","4.8221",,,"52.5833","1.3030","3.5200","2765.0000"
"645","72.5600","4.8266",,,"52.8678","1.3018","3.5200","2795.0000"
"646","72.6400","4.8312",,,"50.7346","1.3005","3.5200","2574.0000"
"647","72.7200","4.8358",,,"47.3603","1.2993","3.5200","2243.0000"
"648","72.8000","4.8404",,,"45.3652","1.2981","3.5200","2058.0000"
"649","72.8800","4.8450",,,"41.7133","1.2968","3.5200","1740.0000"
"650","72.9600","4.8496",,,"38.8716","1.2956","3.5200","1511.0000"
"651","73.0400","4.8541",,,"38.3797","1.2944","3.5200","1473.0000"
"652","73.1200","4.8587",,,"39.5854","1.2932","3.5200","1567.0000"
"653","73.2000","4.8633",,,"39.0768","1.2920","3.5200","1527.0000"
"654","73.2800","4.8679",,,"40.9390","1.2907","3.5200","1676.0000"
"655","73.3600","4.8724",,,"40.1871","1.2895","3.5200","1615.0000"
"656","73.4400","4.8770",,,"40.1123","1.2883","3.5200","1609.0000"
"657","73.5200","4.8816",,,"40.9268","1.2871","3.5200","1675.0000"
"658","73.6000","4.8861",,,"38.7814","1.2859","3.5200","1504.0000"
"659","73.6800","4.8907",,,"40.0500","1.2847","3.5200","1604.0000"
"660","73.7600","4.8952",,,"40.1746","1.2835","3.5200","1614.0000"
"661","73.8400","4.8998",,,"40.3856","1.2823","3.5200","1631.0000"
"662","73.9200","4.9043",,,"39.8372","1.2811","3.5200","1587.0000"
"663","74.0000","4.9089",,,"40.3237","1.2800","3.5200","1626.0000"
"664","74.0800","4.9134",,,"40.6325","1.2788","3.5200","1651.0000"
"665","74.1600","4.9180",,,"37.3363","1.2776","3.5200","1394.0000"
"666","74.2400","4.9225",,,"38.7298","1.2764","3.5200","1500.0000"
"667","74.3200","4.9271",,,"40.3485","1.2752","3.5200","1628.0000"
"668","74.4000","4.9316",,,"39.4715","1.2741","3.5200","1558.0000"
"669","74.4800","4.9361",,,"39.4842","1.2729","3.5200","1559.0000"
"670","74.5600","4.9407",,,"37.8682","1.2717","3.5200","1434.0000"
"671","74.6400","4.9452",,,"39.2301","1.2706","3.5200","1539.0000"
"672","74.7200","4.9497",,,"38.7040","1.2694","3.5200","1498.0000"
"673","74.8000","4.9543",,,"39.0512","1.2682","3.5200","1525.0000"
"674","74.8800","4.9588",,,"38.6782","1.2671","3.5200","1496.0000"
"675","74.9600","4.9633",,,"38.1445","1.2659","3.5200","1455.0000"
"676","75.0400","4.9678",,,"38.2099","1.2648","3.5200","1460.0000"
"677","75.1200","4.9723",,,"38.5097","1.2636","3.5200","1483.0000"
"678","75.2000","4.9768",,,"40.8044","1.2625","3.5200","1665.0000"
"679","75.2800","4.9814",,,"40.8534","1.2613","3.5200","1669.0000"
"680","75.3600","4.9859",,,"39.5474","1.2602","3.5200","1564.0000"
"681","75.4400","4.9904",,,"41.8091","1.2591","3.5200","1748.0000"
"682","75.5200","4.9949",,,"40.5463","1.2579","3.5200","1644.0000"
"683","75.6000","4.9994",,,"41.2916","1.2568","3.5200","1705.0000"
"684","75.6800","5.0039",,,"41.1704","1.2557","3.5200","1695.0000"
"685","75.7600","5.0084",,,"42.2966","1.2545","3.5200","1789.0000"
"686","75.8400","5.0129",,,"43.2897","1.2534","3.5200","1874.0000"
"687","75.9200","5.0173",,,"42.6849","1.2523","3.5200","1822.0000"
"688","76.0000","5.0218",,,"41.7013","1.2512","3.5200","1739.0000"
"689","76.0800","5.0263",,,"41.8330","1.2501","3.5200","1750.0000"
"690","76.1600","5.0308",,,"42.6966","1.2489","3.5200","1823.0000"
"691","76.2400","5.0353",,,"40.6940","1.2478","3.5200","1656.0000"
"692","76.3200","5.0398",,,"40.9512","1.2467","3.5200","1677.0000"
"693","76.4000","5.0442",,,"40.8167","1.2456","3.5200","1666.0000"
"694","76.4800","5.0487",,,"39.2938","1.2445","3.5200","1544.0000"
"695","76.5600","5.0532",,,"37.2961","1.2434","3.5200","1391.0000"
"696","76.6400","5.0577",,,"39.2428","1.2423","3.5200","1540.0000"
"697","76.7200","5.0621",,,"38.9230","1.2412","3.5200","1515.0000"
"698","76.8000","5.0666",,,"38.4318","1.2401","3.5200","1477.0000"
"699","76.8800","5.0710",,,"39.0896","1.2390","3.5200","1528.0000"
"700","76.9600","5.0755",,,"38.9744","1.2379","3.5200","1519.0000"
"701","77.0400","5.0800",,,"38.3797","1.2369","3.5200","1473.0000"
"702","77.1200","5.0844",,,"39.3446","1.2358","3.5200","1548.0000"
"703","77.2000","5.0889",,,"38.2361","1.2347","3.5200","1462.0000"
"704","77.2800","5.0933",,,"38.2753","1.2336","3.5200","1465.0000"
"705","77.3600","5.0978",,,"36.1525","1.2325","3.5200","1307.0000"
"706","77.4400","5.1022",,,"37.7624","1.2315","3.5200","1426.0000"
"707","77.5200","5.1067",,,"39.2428","1.2304","3.5200","1540.0000"
"708","77.6000","5.1111",,,"37.4433","1.2293","3.5200","1402.0000"
"709","77.6800","5.1155",,,"37.8814","1.2283","3.5200","1435.0000"
"710","77.7600","5.1200",,,"38.2753","1.2272","3.5200","1465.0000"
"711","77.8400","5.1244",,,"38.0657","1.2261","3.5200","1449.0000"
"712","77.9200","5.1288",,,"36.8917","1.2251","3.5200","1361.0000"
"713","78.0000","5.1332",,,"39.3954","1.2240","3.5200","1552.0000"
"714","78.0800","5.1377",,,"37.0000","1.2230","3.5200","1369.0000"
"715","78.1600","5.1421",,,"38.2230","1.2219","3.5200","1461.0000"
"716","78.2400","5.1465",,,"37.1349","1.2209","3.5200","1379.0000"
"717","78.3200","5.1509",,,"36.5103","1.2198","3.5200","1333.0000"
"718","78.4000","5.1553",,,"36.2629","1.2188","3.5200","1315.0000"
"719","78.4800","5.1598",,,"38.2884","1.2177","3.5200","1466.0000"
"720","78.5600","5.1642",,,"36.9865","1.2167","3.5200","1368.0000"
"721","78.6400","5.1686",,,"36.9053","1.2157","3.5200","1362.0000"
"722","78.7200","5.1730",,,"38.3667","1.2146","3.5200","1472.0000"
"723","78.8000","5.1774",,,"37.3765","1.2136","3.5200","1397.0000"
"724","78.8800","5.1818",,,"37.1349","1.2126","3.5200","1379.0000"
"725","78.9600","5.1862",,,"35.4965","1.2115","3.5200","1260.0000"
"726","79.0400","5.1906",,,"36.1109","1.2105","3.5200","1304.0000"
"727","79.1200","5.1950",,,"37.5500","1.2095","3.5200","1410.0000"
"728","79.2000","5.1993",,,"38.1969","1.2085","3.5200","1459.0000"
"729","79.2800","5.2037",,,"35.3553","1.2074","3.5200","1250.0000"
"730","79.3600","5.2081",,,"36.5513","1.2064","3.5200","1336.0000"
"731","79.4400","5.2125",,,"37.6829","1.2054","3.5200","1420.0000"
"732","79.5200","5.2169",,,"37.5766","1.2044","3.5200","1412.0000"
"733","79.6000","5.2213",,,"36.4005","1.2034","3.5200","1325.0000"
"734","79.6800","5.2256",,,"36.6742","1.2024","3.5200","1345.0000"
"735","79.7600","5.2300",,,"37.4967","1.2014","3.5200","1406.0000"
"736","79.8400","5.2344",,,"37.2961","1.2004","3.5200","1391.0000"
"737","79.9200","5.2387",,,"37.5633","1.1994","3.5200","1411.0000"
"738","80.0000","5.2431",,,"35.8050","1.1984","3.5200","1282.0000"
"739","80.0800","5.2475",,,"37.3095","1.1974","3.5200","1392.0000"
"740","80.1600","5.2518",,,"36.4280","1.1964","3.5200","1327.0000"
"741","80.2400","5.2562",,,"38.9872","1.1954","3.5200","1520.0000"
"742","80.3200","5.2605",,,"39.1791","1.1944","3.5200","1535.0000"
"743","80.4000","5.2649",,,"36.8103","1.1934","3.5200","1355.0000"
"744","80.4800","5.2692",,,"39.6863","1.1924","3.5200","1575.0000"
"745","80.5600","5.2736",,,"36.4280","1.1914","3.5200","1327.0000"
"746","80.6400","5.2779",,,"35.9026","1.1905","3.5200","1289.0000"
"747","80.7200","5.2823",,,"39.5348","1.1895","3.5200","1563.0000"
"748","80.8000","5.2866",,,"35.7491","1.1885","3.5200","1278.0000"
"749","80.8800","5.2909",,,"38.5876","1.1875","3.5200","1489.0000"
"750","80.9600","5.2953",,,"38.1707","1.1866","3.5200","1457.0000"
"751","81.0400","5.2996",,,"39.4715","1.1856","3.5200","1558.0000"
"752","81.1200","5.3039",,,"36.8917","1.1846","3.5200","1361.0000"
"753","81.2000","5.3082",,,"40.5586","1.1837","3.5200","1645.0000"
"754","81.2800","5.3126",,,"37.7227","1.1827","3.5200","1423.0000"
"755","81.3600","5.3169",,,"37.9078","1.1817","3.5200","1437.0000"
"756","81.4400","5.3212",,,"38.0526","1.1808","3.5200","1448.0000"
"757","81.5200","5.3255",,,"38.3275","1.1798","3.5200","1469.0000"
"758","81.6000","5.3298",,,"38.5876","1.1789","3.5200","1489.0000"
"759","81.6800","5.3341",,,"38.6135","1.1779","3.5200","1491.0000"
"760","81.7600","5.3384",,,"38.2099","1.1770","3.5200","1460.0000"
"761","81.8400","5.3428",,,"37.0270","1.1760","3.5200","1371.0000"
"762","81.9200","5.3471",,,"38.5487","1.1751","3.5200","1486.0000"
"763","82.0000","5.3514",,,"38.7169","1.1741","3.5200","1499.0000"
"764","82.0800","5.3556",,,"37.5366","1.1732","3.5200","1409.0000"
"765","82.1600","5.3599",,,"37.4166","1.1722","3.5200","1400.0000"
"766","82.2400","5.3642",,,"36.1939","1.1713","3.5200","1310.0000"
"767","82.3200","5.3685",,,"35.8469","1.1704","3.5200","1285.0000"
"768","82.4000","5.3728",,,"37.3765","1.1694","3.5200","1397.0000"
"769","82.4800","5.3771",,,"37.2961","1.1685","3.5200","1391.0000"
"770","82.5600","5.3814",,,"37.1618","1.1676","3.5200","1381.0000"
"771","82.6400","5.3856",,,"37.2827","1.1667","3.5200","1390.0000"
"772","82.7200","5.3899",,,"34.8281","1.1657","3.5200","1213.0000"
"773","82.8000","5.3942",,,"37.7359","1.1648","3.5200","1424.0000"
"774","82.8800","5.3985",,,"36.3868","1.1639","3.5200","1324.0000"
"775","82.9600","5.4027",,,"35.2987","1.1630","3.5200","1246.0000"
"776","83.0400","5.4070",,,"38.0657","1.1620","3.5200","1449.0000"
"777","83.1200","5.4113",,,"37.6165","1.1611","3.5200","1415.0000"
"778","83.2000","5.4155",,,"37.2022","1.1602","3.5200","1384.0000"
"779","83.2800","5.4198",,,"36.0278","1.1593","3.5200","1298.0000"
"780","83.3600","5.4240",,,"37.8814","1.1584","3.5200","1435.0000"
"781","83.4400","5.4283",,,"37.3631","1.1575","3.5200","1396.0000"
"782","83.5200","5.4325",,,"37.2424","1.1566","3.5200","1387.0000"
"783","83.6000","5.4368",,,"36.7831","1.1557","3.5200","1353.0000"
"784","83.6800","5.4410",,,"38.4448","1.1548","3.5200","1478.0000"
"785","83.7600","5.4453",,,"38.2884","1.1539","3.5200","1466.0000"
"786","83.8400","5.4495",,,"37.2290","1.1530","3.5200","1386.0000"
"787","83.9200","5.4537",,,"37.5633","1.1521","3.5200","1411.0000"
"788","84.0000","5.4580",,,"39.1791","1.1512","3.5200","1535.0000"
"789","84.0800","5.4622",,,"37.5500","1.1503","3.5200","1410.0000"
"790","84.1600","5.4664",,,"37.9473","1.1494","3.5200","1440.0000"
"791","84.2400","5.4707",,,"37.4032","1.1485","3.5200","1399.0000"
"792","84.3200","5.4749",,,"38.5876","1.1476","3.5200","1489.0000"
"793","84.4000","5.4791",,,"37.3765","1.1468","3.5200","1397.0000"
"794","84.4800","5.4833",,,"36.9053","1.1459","3.5200","1362.0000"
"795","84.5600","5.4875",,,"38.3927","1.1450","3.5200","1474.0000"
"796","84.6400","5.4917",,,"37.8682","1.1441","3.5200","1434.0000"
"797","84.7200","5.4960",,,"37.6563","1.1432","3.5200","1418.0000"
"798","84.8000","5.5002",,,"38.2753","1.1424","3.5200","1465.0000"
"799","84.8800","5.5044",,,"37.6829","1.1415","3.5200","1420.0000"
"800","84.9600","5.5086",,,"38.6523","1.1406","3.5200","1494.0000"
"801","85.0400","5.5128",,,"38.5616","1.1398","3.5200","1487.0000"
"802","85.1200","5.5170",,,"40.6817","1.1389","3.5200","1655.0000"
"803","85.2000","5.5212",,,"39.2046","1.1380","3.5200","1537.0000"
"804","85.2800","5.5253",,,"40.3856","1.1372","3.5200","1631.0000"
"805","85.3600","5.5295",,,"39.5348","1.1363","3.5200","1563.0000"
"806","85.4400","5.5337",,,"41.2553","1.1354","3.5200","1702.0000"
"807","85.5200","5.5379",,,"40.5956","1.1346","3.5200","1648.0000"
"808","85.6000","5.5421",,,"39.9500","1.1337","3.5200","1596.0000"
"809","85.6800","5.5463",,,"39.2046","1.1329","3.5200","1537.0000"
"810","85.7600","5.5504",,,"40.3733","1.1320","3.5200","1630.0000"
"811","85.8400","5.5546",,,"40.5216","1.1312","3.5200","1642.0000"
"812","85.9200","5.5588",,,"40.5216","1.1303","3.5200","1642.0000"
"813","86.0000","5.5629",,,"39.3319","1.1295","3.5200","1547.0000"
"814","86.0800","5.5671",,,"38.5746","1.1286","3.5200","1488.0000"
"815","86.1600","5.5713",,,"40.5709","1.1278","3.5200","1646.0000"
"816","86.2400","5.5754",,,"40.9756","1.1269","3.5200","1679.0000"
"817","86.3200","5.5796",,,"40.2616","1.1261","3.5200","1621.0000"
"818","86.4000","5.5837",,,"39.3319","1.1253","3.5200","1547.0000"
"819","86.4800","5.5879",,,"41.9047","1.1244","3.5200","1756.0000"
"820","86.5600","5.5920",,,"39.2556","1.1236","3.5200","1541.0000"
"821","86.6400","5.5962",,,"41.3401","1.1228","3.5200","1709.0000"
"822","86.7200","5.6003",,,"41.7373","1.1219","3.5200","1742.0000"
"823","86.8000","5.6044",,,"41.1947","1.1211","3.5200","1697.0000"
"824","86.8800","5.6086",,,"41.0244","1.1203","3.5200","1683.0000"
"825","86.9600","5.6127",,,"40.2244","1.1195","3.5200","1618.0000"
"826","87.0400","5.6168",,,"41.2795","1.1186","3.5200","1704.0000"
"827","87.1200","5.6210",,,"41.8688","1.1178","3.5200","1753.0000"
"828","87.2000","5.6251",,,"42.2137","1.1170","3.5200","1782.0000"
"829","87.2800","5.6292",,,"41.3038","1.1162","3.5200","1706.0000"
"830","87.3600","5.6333",,,"41.2553","1.1154","3.5200","1702.0000"
"831","87.4400","5.6375",,,"42.4500","1.1145","3.5200","1802.0000"
"832","87.5200","5.6416",,,"41.2674","1.1137","3.5200","1703.0000"
"833","87.6000","5.6457",,,"42.6263","1.1129","3.5200","1817.0000"
"834","87.6800","5.6498",,,"44.7661","1.1121","3.5200","2004.0000"
"835","87.7600","5.6539",,,"46.4004","1.1113","3.5200","2153.0000"
"836","87.8400","5.6580",,,"46.9361","1.1105","3.5200","2203.0000"
"837","87.9200","5.6621",,,"49.0204","1.1097","3.5200","2403.0000"
"838","88.0000","5.6662",,,"49.3457","1.1089","3.5200","2435.0000"
"839","88.0800","5.6703",,,"49.8999","1.1081","3.5200","2490.0000"
"840","88.1600","5.6744",,,"50.7740","1.1073","3.5200","2578.0000"
"841","88.2400","5.6785",,,"50.2693","1.1065","3.5200","2527.0000"
"842","88.3200","5.6826",,,"51.6527","1.1057","3.5200","2668.0000"
"843","88.4000","5.6866",,,"51.3809","1.1049","3.5200","2640.0000"
"844","88.4800","5.6907",,,"51.0784","1.1041","3.5200","2609.0000"
"845","88.5600","5.6948",,,"50.8822","1.1033","3.5200","2589.0000"
"846","88.6400","5.6989",,,"50.1797","1.1025","3.5200","2518.0000"
"847","88.7200","5.7030",,,"48.6826","1.1017","3.5200","2370.0000"
"848","88.8000","5.7070",,,"47.6445","1.1010","3.5200","2270.0000"
"849","88.8800","5.7111",,,"44.8888","1.1002","3.5200","2015.0000"
"850","88.9600","5.7152",,,"44.4072","1.0994","3.5200","1972.0000"
"851","89.0400","5.7192",,,"44.5084","1.0986","3.5200","1981.0000"
"852","89.1200","5.7233",,,"44.8553","1.0978","3.5200","2012.0000"
"853","89.2000","5.7273",,,"44.4972","1.0971","3.5200","1980.0000"
"854","89.2800","5.7314",,,"44.4297","1.0963","3.5200","1974.0000"
"855","89.3600","5.7354",,,"44.3058","1.0955","3.5200","1963.0000"
"856","89.4400","5.7395",,,"45.2880","1.0947","3.5200","2051.0000"
"857","89.5200","5.7435",,,"45.0111","1.0940","3.5200","2026.0000"
"858","89.6000","5.7476",,,"45.2880","1.0932","3.5200","2051.0000"
"859","89.6800","5.7516",,,"45.2327","1.0924","3.5200","2046.0000"
"860","89.7600","5.7556",,,"45.4313","1.0917","3.5200","2064.0000"
"861","89.8400","5.7597",,,"44.9444","1.0909","3.5200","2020.0000"
"862","89.9200","5.7637",,,"44.7102","1.0901","3.5200","1999.0000"
"863","90.0000","5.7677",,,"45.9239","1.0894","3.5200","2109.0000"
"864","90.0800","5.7718",,,"46.2925","1.0886","3.5200","2143.0000"
"865","90.1600","5.7758",,,"45.8148","1.0878","3.5200","2099.0000"
"866","90.2400","5.7798",,,"45.4203","1.0871","3.5200","2063.0000"
"867","90.3200","5.7838",,,"45.6180","1.0863","3.5200","2081.0000"
"868","90.4000","5.7878",,,"44.5197","1.0856","3.5200","1982.0000"
"869","90.4800","5.7918",,,"45.8912","1.0848","3.5200","2106.0000"
"870","90.5600","5.7959",,,"45.2769","1.0841","3.5200","2050.0000"
"871","90.6400","5.7999",,,"45.5412","1.0833","3.5200","2074.0000"
"872","90.7200","5.8039",,,"46.3897","1.0826","3.5200","2152.0000"
"873","90.8000","5.8079",,,"46.4866","1.0818","3.5200","2161.0000"
"874","90.8800","5.8119",,,"46.1303","1.0811","3.5200","2128.0000"
"875","90.9600","5.8159",,,"46.5081","1.0804","3.5200","2163.0000"
"876","91.0400","5.8198",,,"46.4973","1.0796","3.5200","2162.0000"
"877","91.1200","5.8238",,,"46.1303","1.0789","3.5200","2128.0000"
"878","91.2000","5.8278",,,"47.4131","1.0781","3.5200","2248.0000"
"879","91.2800","5.8318",,,"47.3920","1.0774","3.5200","2246.0000"
"880","91.3600","5.8358",,,"48.1768","1.0767","3.5200","2321.0000"
"881","91.4400","5.8398",,,"46.5296","1.0759","3.5200","2165.0000"
"882","91.5200","5.8437",,,"47.7598","1.0752","3.5200","2281.0000"
"883","91.6000","5.8477",,,"48.2804","1.0745","3.5200","2331.0000"
"884","91.6800","5.8517",,,"47.1063","1.0737","3.5200","2219.0000"
"885","91.7600","5.8556",,,"46.5940","1.0730","3.5200","2171.0000"
"886","91.8400","5.8596",,,"46.9042","1.0723","3.5200","2200.0000"
"887","91.9200","5.8636",,,"45.8912","1.0716","3.5200","2106.0000"
"888","92.0000","5.8675",,,"45.8148","1.0708","3.5200","2099.0000"
"889","92.0800","5.8715",,,"45.3431","1.0701","3.5200","2056.0000"
"890","92.1600","5.8754",,,"46.9255","1.0694","3.5200","2202.0000"
"891","92.2400","5.8794",,,"45.6070","1.0687","3.5200","2080.0000"
"892","92.3200","5.8833",,,"45.2327","1.0680","3.5200","2046.0000"
"893","92.4000","5.8873",,,"45.2659","1.0673","3.5200","2049.0000"
"894","92.4800","5.8912",,,"45.3762","1.0665","3.5200","2059.0000"
"895","92.5600","5.8951",,,"45.3872","1.0658","3.5200","2060.0000"
"896","92.6400","5.8991",,,"45.2659","1.0651","3.5200","2049.0000"
"897","92.7200","5.9030",,,"46.5081","1.0644","3.5200","2163.0000"
"898","92.8000","5.9069",,,"45.1774","1.0637","3.5200","2041.0000"
"899","92.8800","5.9109",,,"44.9222","1.0630","3.5200","2018.0000"
"900","92.9600","5.9148",,,"44.3959","1.0623","3.5200","1971.0000"
"901","93.0400","5.9187",,,"44.2719","1.0616","3.5200","1960.0000"
"902","93.1200","5.9226",,,"44.4185","1.0609","3.5200","1973.0000"
"903","93.2000","5.9265",,,"44.4185","1.0602","3.5200","1973.0000"
"904","93.2800","5.9304",,,"45.0333","1.0595","3.5200","2028.0000"
"905","93.3600","5.9344",,,"44.0795","1.0588","3.5200","1943.0000"
"906","93.4400","5.9383",,,"44.0568","1.0581","3.5200","1941.0000"
"907","93.5200","5.9422",,,"44.5084","1.0574","3.5200","1981.0000"
"908","93.6000","5.9461",,,"43.6807","1.0567","3.5200","1908.0000"
"909","93.6800","5.9500",,,"44.1248","1.0560","3.5200","1947.0000"
"910","93.7600","5.9539",,,"44.3959","1.0553","3.5200","1971.0000"
"911","93.8400","5.9577",,,"44.3734","1.0546","3.5200","1969.0000"
"912","93.9200","5.9616",,,"44.2267","1.0539","3.5200","1956.0000"
"913","94.0000","5.9655",,,"44.3058","1.0533","3.5200","1963.0000"
"914","94.0800","5.9694",,,"45.0111","1.0526","3.5200","2026.0000"
"915","94.1600","5.9733",,,"43.6119","1.0519","3.5200","1902.0000"
"916","94.2400","5.9772",,,"43.6234","1.0512","3.5200","1903.0000"
"917","94.3200","5.9810",,,"45.0666","1.0505","3.5200","2031.0000"
"918","94.4000","5.9849",,,"44.4297","1.0498","3.5200","1974.0000"
"919","94.4800","5.9888",,,"43.6234","1.0492","3.5200","1903.0000"
"920","94.5600","5.9926",,,"43.2435","1.0485","3.5200","1870.0000"
"921","94.6400","5.9965",,,"43.7379","1.0478","3.5200","1913.0000"
"922","94.7200","6.0004",,,"43.0465","1.0471","3.5200","1853.0000"
"923","94.8000","6.0042",,,"43.8976","1.0465","3.5200","1927.0000"
"924","94.8800","6.0081",,,"43.4051","1.0458","3.5200","1884.0000"
"925","94.9600","6.0119",,,"42.8836","1.0451","3.5200","1839.0000"
"926","95.0400","6.0158",,,"43.5660","1.0445","3.5200","1898.0000"
"927","95.1200","6.0196",,,"44.1135","1.0438","3.5200","1946.0000"
"928","95.2000","6.0234",,,"43.8862","1.0431","3.5200","1926.0000"
"929","95.2800","6.0273",,,"43.2435","1.0425","3.5200","1870.0000"
"930","95.3600","6.0311",,,"43.0000","1.0418","3.5200","1849.0000"
"931","95.4400","6.0349",,,"44.1814","1.0411","3.5200","1952.0000"
"932","95.5200","6.0388",,,"43.1972","1.0405","3.5200","1866.0000"
"933","95.6000","6.0426",,,"43.8748","1.0398","3.5200","1925.0000"
"934","95.6800","6.0464",,,"43.3820","1.0392","3.5200","1882.0000"
"935","95.7600","6.0502",,,"43.7493","1.0385","3.5200","1914.0000"
"936","95.8400","6.0541",,,"42.4382","1.0378","3.5200","1801.0000"
"937","95.9200","6.0579",,,"43.1277","1.0372","3.5200","1860.0000"
"938","96.0000","6.0617",,,"42.3910","1.0365","3.5200","1797.0000"
"939","96.0800","6.0655",,,"42.2493","1.0359","3.5200","1785.0000"
"940","96.1600","6.0693",,,"41.9762","1.0352","3.5200","1762.0000"
"941","96.2400","6.0731",,,"42.4500","1.0346","3.5200","1802.0000"
"942","96.3200","6.0769",,,"42.5558","1.0339","3.5200","1811.0000"
"943","96.4000","6.0807",,,"42.2611","1.0333","3.5200","1786.0000"
"944","96.4800","6.0845",,,"42.1426","1.0327","3.5200","1776.0000"
"945","96.5600","6.0883",,,"41.6053","1.0320","3.5200","1731.0000"
"946","96.6400","6.0921",,,"42.0238","1.0314","3.5200","1766.0000"
"947","96.7200","6.0959",,,"40.5709","1.0307","3.5200","1646.0000"
"948","96.8000","6.0996",,,"41.9643","1.0301","3.5200","1761.0000"
"949","96.8800","6.1034",,,"42.0714","1.0295","3.5200","1770.0000"
"950","96.9600","6.1072",,,"42.5206","1.0288","3.5200","1808.0000"
"951","97.0400","6.1110",,,"41.3401","1.0282","3.5200","1709.0000"
"952","97.1200","6.1147",,,"42.5676","1.0275","3.5200","1812.0000"
"953","97.2000","6.1185",,,"40.2741","1.0269","3.5200","1622.0000"
"954","97.2800","6.1223",,,"41.2674","1.0263","3.5200","1703.0000"
"955","97.3600","6.1260",,,"41.8091","1.0257","3.5200","1748.0000"
"956","97.4400","6.1298",,,"42.4971","1.0250","3.5200","1806.0000"
"957","97.5200","6.1336",,,"42.0595","1.0244","3.5200","1769.0000"
"958","97.6000","6.1373",,,"40.7063","1.0238","3.5200","1657.0000"
"959","97.6800","6.1411",,,"41.9285","1.0231","3.5200","1758.0000"
"960","97.7600","6.1448",,,"40.3609","1.0225","3.5200","1629.0000"
"961","97.8400","6.1485",,,"41.3521","1.0219","3.5200","1710.0000"
"962","97.9200","6.1523",,,"41.3763","1.0213","3.5200","1712.0000"
"963","98.0000","6.1560",,,"42.0951","1.0207","3.5200","1772.0000"
"964","98.0800","6.1598",,,"41.1218","1.0200","3.5200","1691.0000"
"965","98.1600","6.1635",,,"42.5206","1.0194","3.5200","1808.0000"
"966","98.2400","6.1672",,,"40.1746","1.0188","3.5200","1614.0000"
"967","98.3200","6.1709",,,"41.3038","1.0182","3.5200","1706.0000"
"968","98.4000","6.1747",,,"41.6293","1.0176","3.5200","1733.0000"
"969","98.4800","6.1784",,,"42.0238","1.0170","3.5200","1766.0000"
"970","98.5600","6.1821",,,"42.2729","1.0164","3.5200","1787.0000"
"971","98.6400","6.1858",,,"41.1218","1.0157","3.5200","1691.0000"
"972","98.7200","6.1895",,,"42.2493","1.0151","3.5200","1785.0000"
"973","98.8000","6.1932",,,"40.9145","1.0145","3.5200","1674.0000"
"974","98.8800","6.1969",,,"41.8927","1.0139","3.5200","1755.0000"
"975","98.9600","6.2006",,,"41.6173","1.0133","3.5200","1732.0000"
"976","99.0400","6.2043",,,"42.4264","1.0127","3.5200","1800.0000"
"977","99.1200","6.2080",,,"42.1900","1.0121","3.5200","1780.0000"
"978","99.2000","6.2117",,,"42.7434","1.0115","3.5200","1827.0000"
"979","99.2800","6.2154",,,"44.0227","1.0109","3.5200","1938.0000"
"980","99.3600","6.2191",,,"45.9891","1.0103","3.5200","2115.0000"
"981","99.4400","6.2228",,,"46.3573","1.0097","3.5200","2149.0000"
"982","99.5200","6.2265",,,"45.2548","1.0091","3.5200","2048.0000"
"983","99.6000","6.2301",,,"45.7821","1.0085","3.5200","2096.0000"
"984","99.6800","6.2338",,,"45.2769","1.0079","3.5200","2050.0000"
"985","99.7600","6.2375",,,"46.5188","1.0073","3.5200","2164.0000"
"986","99.8400","6.2412",,,"46.0326","1.0067","3.5200","2119.0000"
"987","99.9200","6.2448",,,"45.0000","1.0061","3.5200","2025.0000"
"988","100.0000","6.2485",,,"46.3033","1.0056","3.5200","2144.0000"
"989","100.0800","6.2521",,,"45.2880","1.0050","3.5200","2051.0000"
"990","100.1600","6.2558",,,"44.3058","1.0044","3.5200","1963.0000"
"991","100.2400","6.2594",,,"43.1045","1.0038","3.5200","1858.0000"
"992","100.3200","6.2631",,,"42.1900","1.0032","3.5200","1780.0000"
"993","100.4000","6.2667",,,"39.5980","1.0026","3.5200","1568.0000"
"994","100.4800","6.2704",,,"41.0853","1.0020","3.5200","1688.0000"
"995","100.5600","6.2740",,,"41.5452","1.0015","3.5200","1726.0000"
"996","100.6400","6.2777",,,"42.1900","1.0009","3.5200","1780.0000"
"997","100.7200","6.2813",,,"39.8873","1.0003","3.5200","1591.0000"
"998","100.8000","6.2849",,,"39.0128","0.9997","3.5200","1522.0000"
"999","100.8800","6.2886",,,"40.7308","0.9991","3.5200","1659.0000"
"1000","100.9600","6.2922",,,"39.2556","0.9986","3.5200","1541.0000"
"1001","101.0400","6.2958",,,"39.3192","0.9980","3.5200","1546.0000"
"1002","101.1200","6.2994",,,"39.8246","0.9974","3.5200","1586.0000"
"1003","101.2000","6.3030",,,"39.1791","0.9968","3.5200","1535.0000"
"1004","101.2800","6.3067",,,"41.6173","0.9963","3.5200","1732.0000"
"1005","101.3600","6.3103",,,"39.0256","0.9957","3.5200","1523.0000"
"1006","101.4400","6.3139",,,"41.7732","0.9951","3.5200","1745.0000"
"1007","101.5200","6.3175",,,"40.8412","0.9946","3.5200","1668.0000"
"1008","101.6000","6.3211",,,"41.0731","0.9940","3.5200","1687.0000"
"1009","101.6800","6.3247",,,"39.3319","0.9934","3.5200","1547.0000"
"1010","101.7600","6.3283",,,"40.1248","0.9929","3.5200","1610.0000"
"1011","101.8400","6.3319",,,"38.3145","0.9923","3.5200","1468.0000"
"1012","101.9200","6.3354",,,"39.2938","0.9918","3.5200","1544.0000"
"1013","102.0000","6.3390",,,"40.0375","0.9912","3.5200","1603.0000"
"1014","102.0800","6.3426",,,"40.4228","0.9906","3.5200","1634.0000"
"1015","102.1600","6.3462",,,"40.5832","0.9901","3.5200","1647.0000"
"1016","102.2400","6.3498",,,"39.2301","0.9895","3.5200","1539.0000"
"1017","102.3200","6.3533",,,"37.3765","0.9890","3.5200","1397.0000"
"1018","102.4000","6.3569",,,"39.0000","0.9884","3.5200","1521.0000"
"1019","102.4800","6.3605",,,"39.4588","0.9878","3.5200","1557.0000"
"1020","102.5600","6.3640",,,"38.4187","0.9873","3.5200","1476.0000"
"1021","102.6400","6.3676",,,"39.7366","0.9867","3.5200","1579.0000"
"1022","102.7200","6.3712",,,"40.6079","0.9862","3.5200","1649.0000"
"1023","102.8000","6.3747",,,"38.0526","0.9856","3.5200","1448.0000"
"1024","102.8800","6.3783",,,"37.6431","0.9851","3.5200","1417.0000"
"1025","102.9600","6.3818",,,"39.7240","0.9845","3.5200","1578.0000"
"1026","103.0400","6.3854",,,"40.1995","0.9840","3.5200","1616.0000"
"1027","103.1200","6.3889",,,"38.7556","0.9835","3.5200","1502.0000"
"1028","103.2000","6.3924",,,"40.0375","0.9829","3.5200","1603.0000"
"1029","103.2800","6.3960",,,"41.0853","0.9824","3.5200","1688.0000"
"1030","103.3600","6.3995",,,"39.1024","0.9818","3.5200","1529.0000"
"1031","103.4400","6.4030",,,"40.7185","0.9813","3.5200","1658.0000"
"1032","103.5200","6.4066",,,"39.2810","0.9807","3.5200","1543.0000"
"1033","103.6000","6.4101",,,"38.3797","0.9802","3.5200","1473.0000"
"1034","103.6800","6.4136",,,"39.6737","0.9797","3.5200","1574.0000"
"1035","103.7600","6.4171",,,"38.9615","0.9791","3.5200","1518.0000"
"1036","103.8400","6.4206",,,"39.4588","0.9786","3.5200","1557.0000"
"1037","103.9200","6.4241",,,"39.3827","0.9781","3.5200","1551.0000"
"1038","104.0000","6.4277",,,"38.5487","0.9775","3.5200","1486.0000"
"1039","104.0800","6.4312",,,"39.3700","0.9770","3.5200","1550.0000"
"1040","104.1600","6.4347",,,"39.8873","0.9765","3.5200","1591.0000"
"1041","104.2400","6.4382",,,"38.8973","0.9759","3.5200","1513.0000"
"1042","104.3200","6.4417",,,"39.7492","0.9754","3.5200","1580.0000"
"1043","104.4000","6.4451",,,"38.8844","0.9749","3.5200","1512.0000"
"1044","104.4800","6.4486",,,"38.5876","0.9743","3.5200","1489.0000"
"1045","104.5600","6.4521",,,"38.8587","0.9738","3.5200","1510.0000"
"1046","104.6400","6.4556",,,"39.0128","0.9733","3.5200","1522.0000"
"1047","104.7200","6.4591",,,"39.4462","0.9728","3.5200","1556.0000"
"1048","104.8000","6.4626",,,"38.8973","0.9722","3.5200","1513.0000"
"1049","104.8800","6.4660",,,"37.8682","0.9717","3.5200","1434.0000"
"1050","104.9600","6.4695",,,"40.2492","0.9712","3.5200","1620.0000"
"1051","105.0400","6.4730",,,"38.4578","0.9707","3.5200","1479.0000"
"1052","105.1200","6.4764",,,"39.4968","0.9702","3.5200","1560.0000"
"1053","105.2000","6.4799",,,"38.9487","0.9696","3.5200","1517.0000"
"1054","105.2800","6.4833",,,"40.7308","0.9691","3.5200","1659.0000"
"1055","105.3600","6.4868",,,"39.1152","0.9686","3.5200","1530.0000"
"1056","105.4400","6.4903",,,"40.0000","0.9681","3.5200","1600.0000"
"1057","105.5200","6.4937",,,"39.3827","0.9676","3.5200","1551.0000"
"1058","105.6000","6.4971",,,"37.8286","0.9671","3.5200","1431.0000"
"1059","105.6800","6.5006",,,"40.1995","0.9666","3.5200","1616.0000"
"1060","105.7600","6.5040",,,"40.2989","0.9660","3.5200","1624.0000"
"1061","105.8400","6.5075",,,"39.0768","0.9655","3.5200","1527.0000"
"1062","105.9200","6.5109",,,"41.0853","0.9650","3.5200","1688.0000"
"1063","106.0000","6.5143",,,"41.0853","0.9645","3.5200","1688.0000"
"1064","106.0800","6.5177",,,"41.1339","0.9640","3.5200","1692.0000"
"1065","106.1600","6.5212",,,"40.4722","0.9635","3.5200","1638.0000"
"1066","106.2400","6.5246",,,"40.4969","0.9630","3.5200","1640.0000"
"1067","106.3200","6.5280",,,"40.0625","0.9625","3.5200","1605.0000"
"1068","106.4000","6.5314",,,"39.3827","0.9620","3.5200","1551.0000"
"1069","106.4800","6.5348",,,"38.8844","0.9615","3.5200","1512.0000"
"1070","106.5600","6.5382",,,"38.0000","0.9610","3.5200","1444.0000"
"1071","106.6400","6.5416",,,"39.9625","0.9605","3.5200","1597.0000"
"1072","106.7200","6.5450",,,"40.9145","0.9600","3.5200","1674.0000"
"1073","106.8000","6.5484",,,"40.8534","0.9595","3.5200","1669.0000"
"1074","106.8800","6.5518",,,"42.3320","0.9590","3.5200","1792.0000"
"1075","106.9600","6.5552",,,"38.2230","0.9585","3.5200","1461.0000"
"1076","107.0400","6.5586",,,"40.4228","0.9580","3.5200","1634.0000"
"1077","107.1200","6.5620",,,"39.3446","0.9575","3.5200","1548.0000"
"1078","107.2000","6.5654",,,"41.4126","0.9570","3.5200","1715.0000"
"1079","107.2800","6.5687",,,"39.0256","0.9565","3.5200","1523.0000"
"1080","107.3600","6.5721",,,"39.7869","0.9560","3.5200","1583.0000"
"1081","107.4400","6.5755",,,"40.3485","0.9555","3.5200","1628.0000"
"1082","107.5200","6.5789",,,"39.6106","0.9551","3.5200","1569.0000"
"1083","107.6000","6.5822",,,"38.1182","0.9546","3.5200","1453.0000"
"1084","107.6800","6.5856",,,"40.6325","0.9541","3.5200","1651.0000"
"1085","107.7600","6.5889",,,"38.4708","0.9536","3.5200","1480.0000"
"1086","107.8400","6.5923",,,"40.4104","0.9531","3.5200","1633.0000"
"1087","107.9200","6.5957",,,"39.7115","0.9526","3.5200","1577.0000"
"1088","108.0000","6.5990",,,"40.6817","0.9521","3.5200","1655.0000"
"1089","108.0800","6.6023",,,"38.7298","0.9517","3.5200","1500.0000"
"1090","108.1600","6.6057",,,"42.0714","0.9512","3.5200","1770.0000"
"1091","108.2400","6.6090",,,"40.7063","0.9507","3.5200","1657.0000"
"1092","108.3200","6.6124",,,"40.5463","0.9502","3.5200","1644.0000"
"1093","108.4000","6.6157",,,"41.2916","0.9497","3.5200","1705.0000"
"1094","108.4800","6.6190",,,"40.5832","0.9493","3.5200","1647.0000"
"1095","108.5600","6.6224",,,"40.5586","0.9488","3.5200","1645.0000"
"1096","108.6400","6.6257",,,"40.7676","0.9483","3.5200","1662.0000"
"1097","108.7200","6.6290",,,"40.1248","0.9478","3.5200","1610.0000"
"1098","108.8000","6.6323",,,"39.4081","0.9474","3.5200","1553.0000"
"1099","108.8800","6.6356",,,"41.5812","0.9469","3.5200","1729.0000"
"1100","108.9600","6.6389",,,"41.2068","0.9464","3.5200","1698.0000"
"1101","109.0400","6.6422",,,"40.5832","0.9459","3.5200","1647.0000"
"1102","109.1200","6.6455",,,"41.6293","0.9455","3.5200","1733.0000"
"1103","109.2000","6.6488",,,"39.9249","0.9450","3.5200","1594.0000"
"1104","109.2800","6.6521",,,"40.3361","0.9445","3.5200","1627.0000"
"1105","109.3600","6.6554",,,"40.9390","0.9441","3.5200","1676.0000"
"1106","109.4400","6.6587",,,"40.0749","0.9436","3.5200","1606.0000"
"1107","109.5200","6.6620",,,"39.3446","0.9431","3.5200","1548.0000"
"1108","109.6000","6.6653",,,"40.3856","0.9427","3.5200","1631.0000"
"1109","109.6800","6.6686",,,"40.4104","0.9422","3.5200","1633.0000"
"1110","109.7600","6.6719",,,"40.7308","0.9417","3.5200","1659.0000"
"1111","109.8400","6.6751",,,"40.3113","0.9413","3.5200","1625.0000"
"1112","109.9200","6.6784",,,"40.5832","0.9408","3.5200","1647.0000"
"1113","110.0000","6.6817",,,"39.6989","0.9404","3.5200","1576.0000"
"1114","110.0800","6.6849",,,"40.2741","0.9399","3.5200","1622.0000"
"1115","110.1600","6.6882",,,"40.4969","0.9394","3.5200","1640.0000"
"1116","110.2400","6.6915",,,"40.4722","0.9390","3.5200","1638.0000"
"1117","110.3200","6.6947",,,"40.7063","0.9385","3.5200","1657.0000"
"1118","110.4000","6.6980",,,"41.2311","0.9381","3.5200","1700.0000"
"1119","110.4800","6.7012",,,"40.5832","0.9376","3.5200","1647.0000"
"1120","110.5600","6.7045",,,"41.3401","0.9372","3.5200","1709.0000"
"1121","110.6400","6.7077",,,"40.6325","0.9367","3.5200","1651.0000"
"1122","110.7200","6.7109",,,"40.4599","0.9363","3.5200","1637.0000"
"1123","110.8000","6.7142",,,"39.8372","0.9358","3.5200","1587.0000"
"1124","110.8800","6.7174",,,"40.5463","0.9354","3.5200","1644.0000"
"1125","110.9600","6.7206",,,"41.8091","0.9349","3.5200","1748.0000"
"1126","111.0400","6.7239",,,"40.6694","0.9345","3.5200","1654.0000"
"1127","111.1200","6.7271",,,"41.3521","0.9340","3.5200","1710.0000"
"1128","111.2000","6.7303",,,"40.8167","0.9336","3.5200","1666.0000"
"1129","111.2800","6.7335",,,"41.4849","0.9331","3.5200","1721.0000"
"1130","111.3600","6.7367",,,"42.9418","0.9327","3.5200","1844.0000"
"1131","111.4400","6.7399",,,"42.1426","0.9322","3.5200","1776.0000"
"1132","111.5200","6.7431",,,"41.9047","0.9318","3.5200","1756.0000"
"1133","111.6000","6.7463",,,"42.4382","0.9313","3.5200","1801.0000"
"1134","111.6800","6.7495",,,"42.0595","0.9309","3.5200","1769.0000"
"1135","111.7600","6.7527",,,"41.4367","0.9305","3.5200","1717.0000"
"1136","111.8400","6.7559",,,"42.4028","0.9300","3.5200","1798.0000"
"1137","111.9200","6.7591",,,"42.6966","0.9296","3.5200","1823.0000"
"1138","112.0000","6.7623",,,"42.4028","0.9291","3.5200","1798.0000"
"1139","112.0800","6.7655",,,"42.2847","0.9287","3.5200","1788.0000"
"1140","112.1600","6.7687",,,"40.2368","0.9283","3.5200","1619.0000"
"1141","112.2400","6.7718",,,"40.8534","0.9278","3.5200","1669.0000"
"1142","112.3200","6.7750",,,"40.8289","0.9274","3.5200","1667.0000"
"1143","112.4000","6.7782",,,"41.1218","0.9270","3.5200","1691.0000"
"1144","112.4800","6.7814",,,"41.3884","0.9265","3.5200","1713.0000"
"1145","112.5600","6.7845",,,"40.3733","0.9261","3.5200","1630.0000"
"1146","112.6400","6.7877",,,"41.3038","0.9257","3.5200","1706.0000"
"1147","112.7200","6.7908",,,"39.6106","0.9252","3.5200","1569.0000"
"1148","112.8000","6.7940",,,"40.5832","0.9248","3.5200","1647.0000"
"1149","112.8800","6.7971",,,"39.8748","0.9244","3.5200","1590.0000"
"1150","112.9600","6.8003",,,"41.4970","0.9240","3.5200","1722.0000"
"1151","113.0400","6.8034",,,"39.1791","0.9235","3.5200","1535.0000"
"1152","113.1200","6.8066",,,"40.6079","0.9231","3.5200","1649.0000"
"1153","113.2000","6.8097",,,"40.7185","0.9227","3.5200","1658.0000"
"1154","113.2800","6.8128",,,"40.1622","0.9223","3.5200","1613.0000"
"1155","113.3600","6.8160",,,"39.7366","0.9218","3.5200","1579.0000"
"1156","113.4400","6.8191",,,"39.6358","0.9214","3.5200","1571.0000"
"1157","113.5200","6.8222",,,"41.0244","0.9210","3.5200","1683.0000"
"1158","113.6000","6.8253",,,"40.3733","0.9206","3.5200","1630.0000"
"1159","113.6800","6.8284",,,"39.7744","0.9201","3.5200","1582.0000"
"1160","113.7600","6.8316",,,"38.9230","0.9197","3.5200","1515.0000"
"1161","113.8400","6.8347",,,"40.6571","0.9193","3.5200","1653.0000"
"1162","113.9200","6.8378",,,"41.0853","0.9189","3.5200","1688.0000"
"1163","114.0000","6.8409",,,"40.4228","0.9185","3.5200","1634.0000"
"1164","114.0800","6.8440",,,"39.8497","0.9181","3.5200","1588.0000"
"1165","114.1600","6.8471",,,"40.7799","0.9176","3.5200","1663.0000"
"1166","114.2400","6.8502",,,"40.7308","0.9172","3.5200","1659.0000"
"1167","114.3200","6.8533",,,"41.1461","0.9168","3.5200","1693.0000"
"1168","114.4000","6.8563",,,"41.3401","0.9164","3.5200","1709.0000"
"1169","114.4800","6.8594",,,"41.2068","0.9160","3.5200","1698.0000"
"1170","114.5600","6.8625",,,"40.1373","0.9156","3.5200","1611.0000"
"1171","114.6400","6.8656",,,"41.7852","0.9152","3.5200","1746.0000"
"1172","114.7200","6.8687",,,"40.3361","0.9148","3.5200","1627.0000"
"1173","114.8000","6.8717",,,"40.2865","0.9144","3.5200","1623.0000"
"1174","114.8800","6.8748",,,"41.9047","0.9139","3.5200","1756.0000"
"1175","114.9600","6.8779",,,"40.0125","0.9135","3.5200","1601.0000"
"1176","115.0400","6.8809",,,"41.2189","0.9131","3.5200","1699.0000"
"1177","115.1200","6.8840",,,"42.0000","0.9127","3.5200","1764.0000"
"1178","115.2000","6.8870",,,"40.8656","0.9123","3.5200","1670.0000"
"1179","115.2800","6.8901",,,"40.5956","0.9119","3.5200","1648.0000"
"1180","115.3600","6.8931",,,"42.2611","0.9115","3.5200","1786.0000"
"1181","115.4400","6.8962",,,"42.1900","0.9111","3.5200","1780.0000"
"1182","115.5200","6.8992",,,"42.0951","0.9107","3.5200","1772.0000"
"1183","115.6000","6.9022",,,"41.1339","0.9103","3.5200","1692.0000"
"1184","115.6800","6.9053",,,"42.3556","0.9099","3.5200","1794.0000"
"1185","115.7600","6.9083",,,"41.7852","0.9095","3.5200","1746.0000"
"1186","115.8400","6.9113",,,"40.9756","0.9091","3.5200","1679.0000"
"1187","115.9200","6.9144",,,"41.0731","0.9087","3.5200","1687.0000"
"1188","116.0000","6.9174",,,"41.6053","0.9083","3.5200","1731.0000"
"1189","116.0800","6.9204",,,"39.0000","0.9079","3.5200","1521.0000"
"1190","116.1600","6.9234",,,"41.7133","0.9075","3.5200","1740.0000"
"1191","116.2400","6.9264",,,"41.8210","0.9071","3.5200","1749.0000"
"1192","116.3200","6.9294",,,"41.5331","0.9067","3.5200","1725.0000"
"1193","116.4000","6.9324",,,"41.5090","0.9063","3.5200","1723.0000"
"1194","116.4800","6.9354",,,"40.8167","0.9060","3.5200","1666.0000"
"1195","116.5600","6.9384",,,"40.4846","0.9056","3.5200","1639.0000"
"1196","116.6400","6.9414",,,"40.2616","0.9052","3.5200","1621.0000"
"1197","116.7200","6.9444",,,"42.2729","0.9048","3.5200","1787.0000"
"1198","116.8000","6.9474",,,"42.0357","0.9044","3.5200","1767.0000"
"1199","116.8800","6.9504",,,"42.0714","0.9040","3.5200","1770.0000"
"1200","116.9600","6.9533",,,"41.8688","0.9036","3.5200","1753.0000"
"1201","117.0400","6.9563",,,"40.9756","0.9032","3.5200","1679.0000"
"1202","117.1200","6.9593",,,"42.2137","0.9028","3.5200","1782.0000"
"1203","117.2000","6.9623",,,"40.6448","0.9025","3.5200","1652.0000"
"1204","117.2800","6.9652",,,"41.5572","0.9021","3.5200","1727.0000"
"1205","117.3600","6.9682",,,"42.2256","0.9017","3.5200","1783.0000"
"1206","117.4400","6.9711",,,"41.8091","0.9013","3.5200","1748.0000"
"1207","117.5200","6.9741",,,"42.2611","0.9009","3.5200","1786.0000"
"1208","117.6000","6.9770",,,"42.8952","0.9006","3.5200","1840.0000"
"1209","117.6800","6.9800",,,"41.9166","0.9002","3.5200","1757.0000"
"1210","117.7600","6.9829",,,"42.1900","0.8998","3.5200","1780.0000"
"1211","117.8400","6.9859",,,"42.5911","0.8994","3.5200","1814.0000"
"1212","117.9200","6.9888",,,"42.5676","0.8990","3.5200","1812.0000"
"1213","118.0000","6.9918",,,"42.2729","0.8987","3.5200","1787.0000"
"1214","118.0800","6.9947",,,"42.0595","0.8983","3.5200","1769.0000"
"1215","118.1600","6.9976",,,"41.1461","0.8979","3.5200","1693.0000"
"1216","118.2400","7.0005",,,"40.6940","0.8975","3.5200","1656.0000"
"1217","118.3200","7.0035",,,"42.2729","0.8972","3.5200","1787.0000"
"1218","118.4000","7.0064",,,"43.1393","0.8968","3.5200","1861.0000"
"1219","118.4800","7.0093",,,"42.1307","0.8964","3.5200","1775.0000"
"1220","118.5600","7.0122",,,"43.1625","0.8960","3.5200","1863.0000"
"1221","118.6400","7.0151",,,"41.8091","0.8957","3.5200","1748.0000"
"1222","118.7200","7.0180",,,"42.2847","0.8953","3.5200","1788.0000"
"1223","118.8000","7.0209",,,"42.6966","0.8949","3.5200","1823.0000"
"1224","118.8800","7.0238",,,"41.5933","0.8946","3.5200","1730.0000"
"1225","118.9600","7.0267",,,"42.7551","0.8942","3.5200","1828.0000"
"1226","119.0400","7.0296",,,"43.7150","0.8938","3.5200","1911.0000"
"1227","119.1200","7.0325",,,"44.6990","0.8935","3.5200","1998.0000"
"1228","119.2000","7.0354",,,"48.5077","0.8931","3.5200","2353.0000"
"1229","119.2800","7.0382",,,"49.6588","0.8927","3.5200","2466.0000"
"1230","119.3600","7.0411",,,"50.8724","0.8924","3.5200","2588.0000"
"1231","119.4400","7.0440",,,"51.8941","0.8920","3.5200","2693.0000"
"1232","119.5200","7.0469",,,"52.9434","0.8916","3.5200","2803.0000"
"1233","119.6000","7.0497",,,"52.1920","0.8913","3.5200","2724.0000"
"1234","119.6800","7.0526",,,"51.9615","0.8909","3.5200","2700.0000"
"1235","119.7600","7.0555",,,"52.6023","0.8905","3.5200","2767.0000"
"1236","119.8400","7.0583",,,"52.2111","0.8902","3.5200","2726.0000"
"1237","119.9200","7.0612",,,"52.1153","0.8898","3.5200","2716.0000"
"1238","120.0000","7.0640",,,"52.2685","0.8895","3.5200","2732.0000"
"1239","120.0800","7.0669",,,"50.9804","0.8891","3.5200","2599.0000"
"1240","120.1600","7.0697",,,"49.6488","0.8887","3.5200","2465.0000"
"1241","120.2400","7.0725",,,"46.9894","0.8884","3.5200","2208.0000"
"1242","120.3200","7.0754",,,"46.3465","0.8880","3.5200","2148.0000"
"1243","120.4000","7.0782",,,"43.2897","0.8877","3.5200","1874.0000"
"1244","120.4800","7.0810",,,"43.5775","0.8873","3.5200","1899.0000"
"1245","120.5600","7.0839",,,"44.6654","0.8870","3.5200","1995.0000"
"1246","120.6400","7.0867",,,"43.8634","0.8866","3.5200","1924.0000"
"1247","120.7200","7.0895",,,"43.2088","0.8863","3.5200","1867.0000"
"1248","120.8000","7.0923",,,"43.3590","0.8859","3.5200","1880.0000"
"1249","120.8800","7.0951",,,"43.1393","0.8856","3.5200","1861.0000"
"1250","120.9600","7.0979",,,"43.6578","0.8852","3.5200","1906.0000"
"1251","121.0400","7.1007",,,"43.7721","0.8849","3.5200","1916.0000"
"1252","121.1200","7.1035",,,"42.1070","0.8845","3.5200","1773.0000"
"1253","121.2000","7.1063",,,"43.3590","0.8842","3.5200","1880.0000"
"1254","121.2800","7.1091",,,"43.6119","0.8838","3.5200","1902.0000"
"1255","121.3600","7.1119",,,"44.0568","0.8835","3.5200","1941.0000"
"1256","121.4400","7.1147",,,"43.7607","0.8831","3.5200","1915.0000"
"1257","121.5200","7.1175",,,"43.8406","0.8828","3.5200","1922.0000"
"1258","121.6000","7.1203",,,"41.5812","0.8824","3.5200","1729.0000"
"1259","121.6800","7.1230",,,"43.5775","0.8821","3.5200","1899.0000"
"1260","121.7600","7.1258",,,"44.1928","0.8818","3.5200","1953.0000"
"1261","121.8400","7.1286",,,"43.3474","0.8814","3.5200","1879.0000"
"1262","121.9200","7.1313",,,"43.2897","0.8811","3.5200","1874.0000"
"1263","122.0000","7.1341",,,"43.0697","0.8807","3.5200","1855.0000"
"1264","122.0800","7.1369",,,"42.9884","0.8804","3.5200","1848.0000"
"1265","122.1600","7.1396",,,"42.8019","0.8800","3.5200","1832.0000"
"1266","122.2400","7.1424",,,"43.0232","0.8797","3.5200","1851.0000"
"1267","122.3200","7.1451",,,"43.6005","0.8794","3.5200","1901.0000"
"1268","122.4000","7.1479",,,"42.9535","0.8790","3.5200","1845.0000"
"1269","122.4800","7.1506",,,"43.9886","0.8787","3.5200","1935.0000"
"1270","122.5600","7.1533",,,"44.0908","0.8784","3.5200","1944.0000"
"1271","122.6400","7.1561",,,"44.1701","0.8780","3.5200","1951.0000"
"1272","122.7200","7.1588",,,"42.9185","0.8777","3.5200","1842.0000"
"1273","122.8000","7.1615",,,"44.4635","0.8774","3.5200","1977.0000"
"1274","122.8800","7.1643",,,"44.5421","0.8770","3.5200","1984.0000"
"1275","122.9600","7.1670",,,"44.7102","0.8767","3.5200","1999.0000"
"1276","123.0400","7.1697",,,"43.7150","0.8764","3.5200","1911.0000"
"1277","123.1200","7.1724",,,"43.3474","0.8760","3.5200","1879.0000"
"1278","123.2000","7.1751",,,"44.0454","0.8757","3.5200","1940.0000"
"1279","123.2800","7.1778",,,"44.8107","0.8754","3.5200","2008.0000"
"1280","123.3600","7.1805",,,"44.2493","0.8750","3.5200","1958.0000"
"1281","123.4400","7.1832",,,"44.4635","0.8747","3.5200","1977.0000"
"1282","123.5200","7.1859",,,"44.3283","0.8744","3.5200","1965.0000"
"1283","123.6000","7.1886",,,"43.9886","0.8740","3.5200","1935.0000"
"1284","123.6800","7.1913",,,"44.0568","0.8737","3.5200","1941.0000"
"1285","123.7600","7.1940",,,"44.8553","0.8734","3.5200","2012.0000"
"1286","123.8400","7.1967",,,"45.4973","0.8731","3.5200","2070.0000"
"1287","123.9200","7.1994",,,"43.5890","0.8727","3.5200","1900.0000"
"1288","124.0000","7.2020",,,"44.9778","0.8724","3.5200","2023.0000"
"1289","124.0800","7.2047",,,"45.5522","0.8721","3.5200","2075.0000"
"1290","124.1600","7.2074",,,"44.3058","0.8718","3.5200","1963.0000"
"1291","124.2400","7.2100",,,"44.7214","0.8714","3.5200","2000.0000"
"1292","124.3200","7.2127",,,"45.1221","0.8711","3.5200","2036.0000"
"1293","124.4000","7.2154",,,"45.8148","0.8708","3.5200","2099.0000"
"1294","124.4800","7.2180",,,"44.0681","0.8705","3.5200","1942.0000"
"1295","124.5600","7.2207",,,"45.6508","0.8702","3.5200","2084.0000"
"1296","124.6400","7.2233",,,"44.2945","0.8698","3.5200","1962.0000"
"1297","124.7200","7.2260",,,"45.1553","0.8695","3.5200","2039.0000"
"1298","124.8000","7.2286",,,"44.7549","0.8692","3.5200","2003.0000"
"1299","124.8800","7.2312",,,"45.0666","0.8689","3.5200","2031.0000"
"1300","124.9600","7.2339",,,"45.2769","0.8686","3.5200","2050.0000"
"1301","125.0400","7.2365",,,"44.9222","0.8683","3.5200","2018.0000"
"1302","125.1200","7.2391",,,"45.6508","0.8679","3.5200","2084.0000"
"1303","125.2000","7.2417",,,"44.8776","0.8676","3.5200","2014.0000"
"1304","125.2800","7.2444",,,"46.1844","0.8673","3.5200","2133.0000"
"1305","125.3600","7.2470",,,"46.3681","0.8670","3.5200","2150.0000"
"1306","125.4400","7.2496",,,"46.4973","0.8667","3.5200","2162.0000"
"1307","125.5200","7.2522",,,"46.0977","0.8664","3.5200","2125.0000"
"1308","125.6000","7.2548",,,"45.9239","0.8661","3.5200","2109.0000"
"1309","125.6800","7.2574",,,"46.2925","0.8658","3.5200","2143.0000"
"1310","125.7600","7.2600",,,"45.6727","0.8655","3.5200","2086.0000"
"1311","125.8400","7.2626",,,"46.5081","0.8651","3.5200","2163.0000"
"1312","125.9200","7.2652",,,"45.3872","0.8648","3.5200","2060.0000"
"1313","126.0000","7.2678",,,"46.2169","0.8645","3.5200","2136.0000"
"1314","126.0800","7.2704",,,"46.1844","0.8642","3.5200","2133.0000"
"1315","126.1600","7.2729",,,"46.2925","0.8639","3.5200","2143.0000"
"1316","126.2400","7.2755",,,"47.1169","0.8636","3.5200","2220.0000"
"1317","126.3200","7.2781",,,"46.0435","0.8633","3.5200","2120.0000"
"1318","126.4000","7.2807",,,"46.5510","0.8630","3.5200","2167.0000"
"1319","126.4800","7.2832",,,"46.9255","0.8627","3.5200","2202.0000"
"1320","126.5600","7.2858",,,"46.7547","0.8624","3.5200","2186.0000"
"1321","126.6400","7.2883",,,"45.4643","0.8621","3.5200","2067.0000"
"1322","126.7200","7.2909",,,"47.0000","0.8618","3.5200","2209.0000"
"1323","126.8000","7.2934",,,"47.4763","0.8615","3.5200","2254.0000"
"1324","126.8800","7.2960",,,"46.3249","0.8612","3.5200","2146.0000"
"1325","126.9600","7.2985",,,"46.6583","0.8609","3.5200","2177.0000"
"1326","127.0400","7.3011",,,"47.8957","0.8606","3.5200","2294.0000"
"1327","127.1200","7.3036",,,"47.5605","0.8603","3.5200","2262.0000"
"1328","127.2000","7.3062",,,"46.7547","0.8600","3.5200","2186.0000"
"1329","127.2800","7.3087",,,"47.7703","0.8597","3.5200","2282.0000"
"1330","127.3600","7.3112",,,"47.9479","0.8594","3.5200","2299.0000"
"1331","127.4400","7.3137",,,"47.7807","0.8591","3.5200","2283.0000"
"1332","127.5200","7.3163",,,"47.4658","0.8588","3.5200","2253.0000"
"1333","127.6000","7.3188",,,"48.0208","0.8585","3.5200","2306.0000"
"1334","127.6800","7.3213",,,"48.4871","0.8582","3.5200","2351.0000"
"1335","127.7600","7.3238",,,"48.3529","0.8579","3.5200","2338.0000"
"1336","127.8400","7.3263",,,"47.5605","0.8576","3.5200","2262.0000"
"1337","127.9200","7.3288",,,"49.1019","0.8573","3.5200","2411.0000"
"1338","128.0000","7.3313",,,"48.4871","0.8570","3.5200","2351.0000"
"1339","128.0800","7.3338",,,"47.7179","0.8567","3.5200","2277.0000"
"1340","128.1600","7.3363",,,"49.5782","0.8565","3.5200","2458.0000"
"1341","128.2400","7.3388",,,"49.1935","0.8562","3.5200","2420.0000"
"1342","128.3200","7.3413",,,"49.3356","0.8559","3.5200","2434.0000"
"1343","128.4000","7.3437",,,"50.3389","0.8556","3.5200","2534.0000"
"1344","128.4800","7.3462",,,"49.1630","0.8553","3.5200","2417.0000"
"1345","128.5600","7.3487",,,"50.0300","0.8550","3.5200","2503.0000"
"1346","128.6400","7.3512",,,"49.0000","0.8547","3.5200","2401.0000"
"1347","128.7200","7.3536",,,"49.5782","0.8544","3.5200","2458.0000"
"1348","128.8000","7.3561",,,"49.7896","0.8541","3.5200","2479.0000"
"1349","128.8800","7.3585",,,"49.5782","0.8539","3.5200","2458.0000"
"1350","128.9600","7.3610",,,"51.8363","0.8536","3.5200","2687.0000"